ID,X,Y,Population,Elevation,Weight,clusters,id_2,Weight_2,ID1,ID2,line_lengt,i
"4352",211972.117399999988265,8527612.882999999448657,"2",415.759002699999996,3.240795288146238,"9","0",4133.732084081208086,"4352","4411",762.365993886112960,"1"
"4406",213178.057999999989988,8522629.525000000372529,"11",467.994995099999983,7.037597828914055,"9","0",19872.549137507652631,"4406","4407",844.159865929725925,"2"
"4407",213144.460200000001350,8523473.016000000759959,"9",456.089996300000053,7.087139402442556,"9","0",19872.549137507652631,"4406","4407",844.159865929725925,"3"
"4407",213144.460200000001350,8523473.016000000759959,"9",456.089996300000053,7.087139402442556,"9","0",26944.033253848974709,"4407","4408",1003.087195888898805,"4"
"4408",212950.875000000000000,8524457.245999999344349,"6",441.585998500000017,9.029452392124741,"9","0",26944.033253848974709,"4407","4408",1003.087195888898805,"5"
"4408",212950.875000000000000,8524457.245999999344349,"6",441.585998500000017,9.029452392124741,"9","0",25921.282544319165027,"4408","4409",969.193527685398521,"6"
"4409",212849.879400000005262,8525421.162999998778105,"2",438.454009999999982,7.019193517715950,"9","0",25921.282544319165027,"4408","4409",969.193527685398521,"7"
"4409",212849.879400000005262,8525421.162999998778105,"2",438.454009999999982,7.019193517715950,"9","0",15595.210134569539150,"4409","4475",1333.015914985714971,"8"
"4410",212851.058300000004238,8526398.554999999701977,"8",427.855987500000026,7.036654777382847,"9","0",10386.069032388697451,"4410","4475",885.531398648835648,"9"
"4411",212697.264399999985471,8527377.587999999523163,"5",481.071014400000024,4.663527138014085,"9","0",4133.732084081208086,"4352","4411",762.365993886112960,"10"
"4474",213769.962599999998929,8525431.510999999940395,"4",448.097991900000011,7.044432742567331,"9","0",11574.523442051360689,"4474","4475",985.715391676119339,"11"
"4475",213736.404700000013690,8526416.654999999329448,"8",434.957000699999980,7.050560067610808,"9","0",15595.210134569539150,"4409","4475",1333.015914985714971,"12"
"4475",213736.404700000013690,8526416.654999999329448,"8",434.957000699999980,7.050560067610808,"9","0",10386.069032388697451,"4410","4475",885.531398648835648,"13"
"4475",213736.404700000013690,8526416.654999999329448,"8",434.957000699999980,7.050560067610808,"9","0",11574.523442051360689,"4474","4475",985.715391676119339,"14"
"4479",213602.240699999994831,8530357.203999999910593,"0",413.921997100000056,3.860159162581532,"9","0",15328.029864577867556,"4479","4544",1015.749912169465006,"15"
"4480",213638.761700000002747,8531293.422000000253320,"12",391.213012699999979,3.050111653454765,"9","0",4729.521008476302995,"4480","6778",1050.341497234035160,"16"
"4539",214785.153400000010151,8525464.706000000238419,"0",462.429992700000014,7.035160723872442,"9","0",17370.773016387298412,"4539","4604",1416.352134914944600,"17"
"4544",214617.449200000002747,8530390.364000000059605,"2",392.717987100000016,9.052147989043780,"9","0",15328.029864577867556,"4479","4544",1015.749912169465006,"18"
"4544",214617.449200000002747,8530390.364000000059605,"2",392.717987100000016,9.052147989043780,"9","0",42925.040160787728382,"4544","4609",1416.355148379009961,"19"
"4603",215867.458600000012666,8523527.627999998629093,"12",569.085998500000187,7.300140599620212,"9","0",24081.150860072568321,"4603","4604",985.706607990958332,"20"
"4604",215833.894499999994878,8524512.763000000268221,"2",673.437988299999802,7.278066845960715,"9","0",17370.773016387298412,"4539","4604",1416.352134914944600,"21"
"4604",215833.894499999994878,8524512.763000000268221,"2",673.437988299999802,7.278066845960715,"9","0",24081.150860072568321,"4603","4604",985.706607990958332,"22"
"4609",215666.174399999988964,8529438.399000000208616,"0",443.576995800000134,9.121972999158576,"9","0",42925.040160787728382,"4544","4609",1416.355148379009961,"23"
"4609",215666.174399999988964,8529438.399000000208616,"0",443.576995800000134,9.121972999158576,"9","0",31513.694913732095301,"4609","4675",1015.732091026284934,"24"
"4675",216681.365200000000186,8529471.554999999701977,"4",528.107971200000179,9.431110033070659,"9","0",31513.694913732095301,"4609","4675",1015.732091026284934,"25"
"5004",221790.724099999992177,8528652.168999999761581,"4",444.002990699999998,7.063929058695314,"9","0",24866.127153449077014,"5004","5071",1414.337802918184934,"26"
"5007",221690.214999999996508,8531607.403999999165535,"3",413.208007800000019,3.007083638691286,"9","0",17803.938117382112978,"6905","5007",1416.304805006931929,"27"
"5007",221690.214999999996508,8531607.403999999165535,"3",413.208007800000019,3.007083638691286,"9","0",9458.082558553081981,"5007","5072",1416.296039223607522,"28"
"5071",222772.363600000011502,8529670.370999999344349,"6",411.049011199999995,3.483140935753654,"9","0",24866.127153449077014,"5004","5071",1414.337802918184934,"29"
"5071",222772.363600000011502,8529670.370999999344349,"6",411.049011199999995,3.483140935753654,"9","0",7364.239188884516807,"5071","5072",985.641450216757903,"30"
"5071",222772.363600000011502,8529670.370999999344349,"6",411.049011199999995,3.483140935753654,"9","0",14818.901467345800484,"5071","5136",1416.285535852703561,"31"
"5072",222738.864000000001397,8530655.442999999970198,"3",401.305999799999995,1.000000000000000,"9","0",9458.082558553081981,"5007","5072",1416.296039223607522,"32"
"5072",222738.864000000001397,8530655.442999999970198,"3",401.305999799999995,1.000000000000000,"9","0",7364.239188884516807,"5071","5072",985.641450216757903,"33"
"5072",222738.864000000001397,8530655.442999999970198,"3",401.305999799999995,1.000000000000000,"9","0",11915.861414574783339,"5072","5138",1015.685514481937275,"34"
"5129",224055.708899999997811,8521822.877999998629093,"7",509.661010700000020,7.163986234790702,"9","0",24037.962992006785498,"5129","5195",1015.648297040405055,"35"
"5131",223988.619100000010803,8523793.046000000089407,"9",434.046997099999999,9.139398934349707,"9","0",27354.286380559071404,"5131","5197",1015.655168744312732,"36"
"5135",223854.517499999987194,8527733.350999999791384,"0",409.822997999999984,4.166947396347155,"9","0",11437.095632419166577,"5135","5136",985.639774300630052,"37"
"5135",223854.517499999987194,8527733.350999999791384,"0",409.822997999999984,4.166947396347155,"9","0",16609.467759868992289,"5135","5200",1416.276974890116207,"38"
"5136",223821.008399999991525,8528718.421000000089407,"0",392.018005399999993,2.794849763119517,"9","0",14818.901467345800484,"5071","5136",1416.285535852703561,"39"
"5136",223821.008399999991525,8528718.421000000089407,"0",392.018005399999993,2.794849763119517,"9","0",11437.095632419166577,"5135","5136",985.639774300630052,"40"
"5138",223754.009699999995064,8530688.552999999374151,"3",414.101989699999990,6.039250238638372,"9","0",11915.861414574783339,"5072","5138",1015.685514481937275,"41"
"5194",225104.366600000008475,8520870.961000001057982,"4",471.739990200000022,9.027410551694610,"9","0",26364.057532930863090,"5194","5195",985.652193302723845,"42"
"5195",225070.815600000001723,8521856.042000001296401,"7",461.437988299999972,7.022015992664640,"9","0",24037.962992006785498,"5129","5195",1015.648297040405055,"43"
"5195",225070.815600000001723,8521856.042000001296401,"7",461.437988299999972,7.022015992664640,"9","0",26364.057532930863090,"5194","5195",985.652193302723845,"44"
"5195",225070.815600000001723,8521856.042000001296401,"7",461.437988299999972,7.022015992664640,"9","0",23105.927482291805063,"5195","5196",985.649973224472546,"45"
"5195",225070.815600000001723,8521856.042000001296401,"7",461.437988299999972,7.022015992664640,"9","0",23823.781919381395710,"5195","5261",1015.641437359114093,"46"
"5196",225037.271100000012666,8522841.120999999344349,"5",442.529998799999987,7.042198413636268,"9","0",23105.927482291805063,"5195","5196",985.649973224472546,"47"
"5196",225037.271100000012666,8522841.120999999344349,"5",442.529998799999987,7.042198413636268,"9","0",23104.745119848659670,"5196","5197",985.646753772630632,"48"
"5197",225003.733100000012200,8523826.197000000625849,"4",420.057006800000011,7.020274958450142,"9","0",27354.286380559071404,"5131","5197",1015.655168744312732,"49"
"5197",225003.733100000012200,8523826.197000000625849,"4",420.057006800000011,7.020274958450142,"9","0",23104.745119848659670,"5196","5197",985.646753772630632,"50"
"5197",225003.733100000012200,8523826.197000000625849,"4",420.057006800000011,7.020274958450142,"9","0",18903.527096295787487,"5197","5264",1414.303289767449769,"51"
"5199",224936.676500000001397,8525796.341000000014901,"0",395.299987799999997,4.888818581566563,"9","0",12744.112933740154403,"5199","5200",985.638095076581180,"52"
"5199",224936.676500000001397,8525796.341000000014901,"0",395.299987799999997,4.888818581566563,"9","0",13899.902589955741860,"5199","5264",1416.266921565300663,"53"
"5200",224903.157999999995809,8526781.408999999985099,"2",393.671997100000056,2.869832479405032,"9","0",16609.467759868992289,"5135","5200",1416.276974890116207,"54"
"5200",224903.157999999995809,8526781.408999999985099,"2",393.671997100000056,2.869832479405032,"9","0",12744.112933740154403,"5199","5200",985.638095076581180,"55"
"5261",226085.915600000007544,8521889.200999999418855,"2",443.376007099999981,7.051295831162803,"9","0",23823.781919381395710,"5195","5261",1015.641437359114093,"56"
"5264",225985.312500000000000,8524844.408999999985099,"3",412.799987799999997,1.000000000000000,"9","0",18903.527096295787487,"5197","5264",1414.303289767449769,"57"
"5264",225985.312500000000000,8524844.408999999985099,"3",412.799987799999997,1.000000000000000,"9","0",13899.902589955741860,"5199","5264",1416.266921565300663,"58"
"5403",227781.048299999994924,8531805.971000000834465,"6",358.166992199999981,7.061857995795361,"9","0",23128.795284988431376,"5403","6992",985.601446744579334,"59"
"5526",230112.721799999999348,8523006.823999999091029,"5",432.631011999999998,3.596797781234099,"9","0",25948.512893656436063,"5526","5589",1414.247365765762424,"60"
"5589",231094.275599999993574,8524024.982999999076128,"4",490.304992700000014,7.403918073881393,"9","0",25948.512893656436063,"5526","5589",1414.247365765762424,"61"
"5589",231094.275599999993574,8524024.982999999076128,"4",490.304992700000014,7.403918073881393,"9","0",19842.474846884575527,"5589","5650",1416.216424172767574,"62"
"5597",230826.373699999996461,8531905.179999999701977,"7",385.010009799999978,7.036007277588840,"9","0",33174.573140997243172,"5597","7011",1416.230040241986899,"63"
"5597",230826.373699999996461,8531905.179999999701977,"7",385.010009799999978,7.036007277588840,"9","0",33276.689849111207877,"5597","5658",1416.221348543989052,"64"
"5649",232176.374099999986356,8522088.031999999657273,"1",458.209014900000000,5.599593566032056,"9","0",10840.282710753586798,"5649","5650",985.602129502840739,"65"
"5649",232176.374099999986356,8522088.031999999657273,"1",458.209014900000000,5.599593566032056,"9","0",29845.322785314740031,"5649","5710",1416.207418919185329,"66"
"5650",232142.855199999990873,8523073.063999999314547,"2",449.626007099999981,1.000000000000000,"9","0",19842.474846884575527,"5589","5650",1416.216424172767574,"67"
"5650",232142.855199999990873,8523073.063999999314547,"2",449.626007099999981,1.000000000000000,"9","0",10840.282710753586798,"5649","5650",985.602129502840739,"68"
"5650",232142.855199999990873,8523073.063999999314547,"2",449.626007099999981,1.000000000000000,"9","0",8978.154011411750616,"5650","5651",985.599916427100538,"69"
"5650",232142.855199999990873,8523073.063999999314547,"2",449.626007099999981,1.000000000000000,"9","0",8974.431724618214503,"5650","5713",1414.225853815374876,"70"
"5651",232109.342600000003586,8524058.094000000506639,"2",461.093994099999975,4.465774100021132,"9","0",8978.154011411750616,"5650","5651",985.599916427100538,"71"
"5658",231874.930900000006659,8530953.229000000283122,"4",372.848999000000049,7.062971385170179,"9","0",33276.689849111207877,"5597","5658",1416.221348543989052,"72"
"5658",231874.930900000006659,8530953.229000000283122,"4",372.848999000000049,7.062971385170179,"9","0",23885.939903246657195,"5658","5720",1015.623185392044888,"73"
"5709",233258.476599999994505,8520151.089999999850988,"5",495.799987800000054,9.050871031866199,"9","0",26443.128138534735626,"5709","5710",985.601432797680559,"74"
"5710",233224.948800000012852,8521136.120999999344349,"3",475.984008800000026,7.045146102507120,"9","0",29845.322785314740031,"5649","5710",1416.207418919185329,"75"
"5710",233224.948800000012852,8521136.120999999344349,"3",475.984008800000026,7.045146102507120,"9","0",26443.128138534735626,"5709","5710",985.601432797680559,"76"
"5713",233124.402899999986403,8524091.198999999091029,"4",446.837005599999998,2.807869208430309,"9","0",8974.431724618214503,"5650","5713",1414.225853815374876,"77"
"5713",233124.402899999986403,8524091.198999999091029,"4",446.837005599999998,2.807869208430309,"9","0",11303.812465168677591,"5713","5775",1015.593304770947725,"78"
"5718",232956.952199999999721,8529016.276000000536442,"8",379.316986100000008,7.087093326864857,"9","0",23294.970571618756367,"5718","5719",985.575526264365635,"79"
"5719",232923.480899999995017,8530001.282999999821186,"6",364.631011999999998,7.094294305919608,"9","0",23294.970571618756367,"5718","5719",985.575526264365635,"80"
"5719",232923.480899999995017,8530001.282999999821186,"6",364.631011999999998,7.094294305919608,"9","0",23229.720268753630080,"5719","5720",985.573313482028539,"81"
"5720",232890.015899999998510,8530986.287999998778105,"3",363.656005900000025,7.048965330097718,"9","0",23885.939903246657195,"5658","5720",1015.623185392044888,"82"
"5720",232890.015899999998510,8530986.287999998778105,"3",363.656005900000025,7.048965330097718,"9","0",23229.720268753630080,"5719","5720",985.573313482028539,"83"
"5720",232890.015899999998510,8530986.287999998778105,"3",363.656005900000025,7.048965330097718,"9","0",23815.992468259366433,"5720","5782",1015.616426148499045,"84"
"5768",234374.125700000004144,8517229.125000000000000,"2",911.297973599999978,9.053736938207130,"9","0",26060.358851142427739,"5768","5830",1015.562226443551936,"85"
"5774",234172.962100000004284,8523139.281999999657273,"4",388.986999500000024,2.984436145408744,"9","0",11244.101032421727723,"5774","5775",985.585679728889318,"86"
"5775",234139.456700000009732,8524124.298000000417233,"2",392.287994400000002,3.861338533198572,"9","0",11303.812465168677591,"5713","5775",1015.593304770947725,"87"
"5775",234139.456700000009732,8524124.298000000417233,"2",392.287994400000002,3.861338533198572,"9","0",11244.101032421727723,"5774","5775",985.585679728889318,"88"
"5775",234139.456700000009732,8524124.298000000417233,"2",392.287994400000002,3.861338533198572,"9","0",19074.592380268033594,"5775","5837",1015.586645281078859,"89"
"5780",233972.023699999990640,8529049.342000000178814,"2",363.532012899999984,7.045449733412815,"9","0",11928.476395255214811,"5780","5842",1015.603193701131431,"90"
"5781",233938.555900000006659,8530034.344000000506639,"9",349.117004399999985,7.013891331143091,"9","0",11873.839590554856841,"5781","5843",1015.606431446014199,"91"
"5782",233905.094299999997020,8531019.342000000178814,"2",344.653015100000005,7.019853637645672,"9","0",23815.992468259366433,"5720","5782",1015.616426148499045,"92"
"5782",233905.094299999997020,8531019.342000000178814,"2",344.653015100000005,7.019853637645672,"9","0",11882.905090975429630,"5782","5844",1015.609766874397678,"93"
"5783",233871.638999999995576,8532004.338999999687076,"0",342.424987799999997,7.025365725547634,"9","0",11517.585865142938928,"7043","5783",983.590770334846184,"94"
"5783",233871.638999999995576,8532004.338999999687076,"0",342.424987799999997,7.025365725547634,"9","0",16582.932850295546814,"5783","5844",1416.197120404437555,"95"
"5830",235389.147100000001956,8517262.264000000432134,"0",869.469970700000204,6.331368755198091,"9","0",26060.358851142427739,"5768","5830",1015.562226443551936,"96"
"5830",235389.147100000001956,8517262.264000000432134,"0",869.469970700000204,6.331368755198091,"9","0",12410.297090749359995,"5830","5892",1015.555534134392929,"97"
"5834",235255.027999999991152,8521202.353000000119209,"5",402.506988499999977,7.273214260271683,"9","0",23470.503763874996366,"5834","5835",985.585978925972768,"98"
"5835",235221.513799999986077,8522187.368999999016523,"10",369.187011700000028,7.008309079030143,"9","0",23470.503763874996366,"5834","5835",985.585978925972768,"99"
"5835",235221.513799999986077,8522187.368999999016523,"10",369.187011700000028,7.008309079030143,"9","0",18873.629566789386445,"5835","5898",1414.192717168207082,"100"
"5837",235154.503999999986263,8524157.392000000923872,"5",384.161987300000021,7.408535585034831,"9","0",19074.592380268033594,"5775","5837",1015.586645281078859,"101"
"5837",235154.503999999986263,8524157.392000000923872,"5",384.161987300000021,7.408535585034831,"9","0",19845.508915945731133,"5837","5898",1416.184199235260394,"102"
"5842",234987.088599999988219,8529082.403999999165535,"0",343.407989499999985,7.058663312030214,"9","0",11928.476395255214811,"5780","5842",1015.603193701131431,"103"
"5843",234953.624299999995856,8530067.398000000044703,"4",362.809997599999974,7.064717711626992,"9","0",11873.839590554856841,"5781","5843",1015.606431446014199,"104"
"5843",234953.624299999995856,8530067.398000000044703,"4",362.809997599999974,7.064717711626992,"9","0",10329.870257620377743,"5843","5905",880.262248537407800,"105"
"5844",234920.166200000006938,8531052.391000000759959,"16",346.227996800000028,7.035172633119628,"9","0",11882.905090975429630,"5782","5844",1015.609766874397678,"106"
"5844",234920.166200000006938,8531052.391000000759959,"16",346.227996800000028,7.035172633119628,"9","0",16582.932850295546814,"5783","5844",1416.197120404437555,"107"
"5844",234920.166200000006938,8531052.391000000759959,"16",346.227996800000028,7.035172633119628,"9","0",12174.413386783739043,"5844","5906",804.062734163168102,"108"
"5844",234920.166200000006938,8531052.391000000759959,"16",346.227996800000028,7.035172633119628,"9","0",14062.268877326341681,"5844","5907",1200.072978760854539,"109"
"5892",236404.162000000011176,8517295.396999999880791,"0",849.010009799999807,1.000000000000000,"9","0",12410.297090749359995,"5830","5892",1015.555534134392929,"110"
"5892",236404.162000000011176,8517295.396999999880791,"0",849.010009799999807,1.000000000000000,"9","0",14589.043944811184701,"5892","5955",1416.172201969799971,"111"
"5898",236203.042799999995623,8523205.475999999791384,"6",371.700988800000005,1.000000000000000,"9","0",18873.629566789386445,"5835","5898",1414.192717168207082,"112"
"5898",236203.042799999995623,8523205.475999999791384,"6",371.700988800000005,1.000000000000000,"9","0",19845.508915945731133,"5837","5898",1416.184199235260394,"113"
"5898",236203.042799999995623,8523205.475999999791384,"6",371.700988800000005,1.000000000000000,"9","0",6874.993259331449735,"5898","5962",1015.569791229207226,"114"
"5901",236102.567000000010012,8526160.479000000283122,"2",389.532989499999985,7.144628510394955,"9","0",23408.674781517889642,"5901","5902",985.564814525594670,"115"
"5902",236069.087399999989429,8527145.474999999627471,"4",373.308013899999992,7.105785332993047,"9","0",23408.674781517889642,"5901","5902",985.564814525594670,"116"
"5902",236069.087399999989429,8527145.474999999627471,"4",373.308013899999992,7.105785332993047,"9","0",11675.646821550435561,"5902","5903",985.562601690334418,"117"
"5903",236035.614100000006147,8528130.469000000506639,"0",350.308990499999993,7.053575171119830,"9","0",11675.646821550435561,"5902","5903",985.562601690334418,"118"
"5905",235833.124500000005355,8530030.777999999001622,"8",333.809997600000088,7.036880978388518,"9","0",10329.870257620377743,"5843","5905",880.262248537407800,"119"
"5906",235719.443700000003446,8531139.982999999076128,"4",348.906005900000025,9.084532435515225,"9","0",12174.413386783739043,"5844","5906",804.062734163168102,"120"
"5907",235704.073299999989104,8531961.052000001072884,"6",336.727996800000028,7.030189697992004,"9","0",14062.268877326341681,"5844","5907",1200.072978760854539,"121"
"5955",237452.708199999993667,8516343.507000001147389,"4",693.632995600000186,5.144791001577948,"9","0",14589.043944811184701,"5892","5955",1416.172201969799971,"122"
"5955",237452.708199999993667,8516343.507000001147389,"4",693.632995600000186,5.144791001577948,"9","0",23317.615792981476261,"5955","6019",1416.162917917227333,"123"
"5962",237218.073399999993853,8523238.564999999478459,"17",358.311004599999990,3.061808460482342,"9","0",6874.993259331449735,"5898","5962",1015.569791229207226,"124"
"5962",237218.073399999993853,8523238.564999999478459,"17",358.311004599999990,3.061808460482342,"9","0",9572.633197533725252,"5962","6028",1414.171085734049029,"125"
"5963",237184.578899999993155,8524223.562000000849366,"11",351.529998799999987,6.777115582841223,"9","0",13163.451766624921220,"5963","6028",1015.566369341622135,"126"
"5967",237050.662500000005821,8528163.525000000372529,"0",339.252014200000019,7.038796077444491,"9","0",11038.927045365502636,"5967","5968",942.276595273873227,"127"
"5968",237030.090399999986403,8529105.576999999582767,"3",336.445007300000100,7.028771588305116,"9","0",11038.927045365502636,"5967","5968",942.276595273873227,"128"
"6017",238568.345100000005914,8513421.587000001221895,"9",534.864990199999966,5.398564134240906,"9","0",13977.211135158813704,"6017","6018",985.590276892765132,"129"
"6018",238534.792699999990873,8514406.606000000610948,"0",520.267028799999821,3.110291694517099,"9","0",13977.211135158813704,"6017","6018",985.590276892765132,"130"
"6018",238534.792699999990873,8514406.606000000610948,"0",520.267028799999821,3.110291694517099,"9","0",12793.227659717858842,"6018","6019",985.587070989258791,"131"
"6019",238501.246400000003632,8515391.622000001370907,"4",539.267028799999821,4.677227462025666,"9","0",23317.615792981476261,"5955","6019",1416.162917917227333,"132"
"6019",238501.246400000003632,8515391.622000001370907,"4",539.267028799999821,4.677227462025666,"9","0",12793.227659717858842,"6018","6019",985.587070989258791,"133"
"6019",238501.246400000003632,8515391.622000001370907,"4",539.267028799999821,4.677227462025666,"9","0",13643.198327109575985,"6019","6086",1015.528385388775860,"134"
"6028",238199.606499999994412,8524256.638000000268221,"16",364.894989000000010,1.000000000000000,"9","0",9572.633197533725252,"5962","6028",1414.171085734049029,"135"
"6028",238199.606499999994412,8524256.638000000268221,"16",364.894989000000010,1.000000000000000,"9","0",13163.451766624921220,"5963","6028",1015.566369341622135,"136"
"6028",238199.606499999994412,8524256.638000000268221,"16",364.894989000000010,1.000000000000000,"9","0",1694.133873642645995,"6028","6095",1015.559809903081373,"137"
"6029",238166.121799999993527,8525241.627000000327826,"20",349.997009300000059,7.008791085231410,"9","0",11863.692148116762837,"6029","6096",1015.563080121595817,"138"
"6031",238099.170600000012200,8527211.595000000670552,"15",341.871002200000021,7.052743733829376,"9","0",11585.196535476143254,"6031","6032",985.549371464577803,"139"
"6032",238065.704300000012154,8528196.575999999418855,"10",341.536987300000021,7.056706513774596,"9","0",11585.196535476143254,"6031","6032",985.549371464577803,"140"
"6032",238065.704300000012154,8528196.575999999418855,"10",341.536987300000021,7.056706513774596,"9","0",11536.600806026866849,"6032","6033",985.546162681508576,"141"
"6033",238032.244199999986449,8529181.553999999538064,"9",333.446991000000025,7.022942451756562,"9","0",11536.600806026866849,"6032","6033",985.546162681508576,"142"
"6034",238071.973900000011781,8530144.207999998703599,"9",330.686004599999990,7.039201343350857,"9","0",11070.309756162016129,"6034","6101",943.483803628952387,"143"
"6086",239516.234300000010990,8515424.750000000000000,"6",548.184997599999974,3.384016457363274,"9","0",13643.198327109575985,"6019","6086",1015.528385388775860,"144"
"6086",239516.234300000010990,8515424.750000000000000,"6",548.184997599999974,3.384016457363274,"9","0",16519.775018926269695,"6086","6153",1015.521793082910335,"145"
"6095",239214.627700000011828,8524289.708999998867512,"18",368.558013899999992,1.000000000000000,"9","0",1694.133873642645995,"6028","6095",1015.559809903081373,"146"
"6096",239181.146500000002561,8525274.690999999642372,"11",346.502014200000019,3.899064877458235,"9","0",11863.692148116762837,"6029","6096",1015.563080121595817,"147"
"6096",239181.146500000002561,8525274.690999999642372,"11",346.502014200000019,3.899064877458235,"9","0",5980.094795912754307,"6096","6163",1015.556588134100252,"148"
"6098",239114.202500000013970,8527244.646999999880791,"15",340.631988499999977,4.943486564056872,"9","0",6885.729353553483634,"6098","6165",1015.563193878713605,"149"
"6100",239047.282999999995809,8529214.592000000178814,"4",344.540008499999999,7.078436783684944,"9","0",11940.097126967735676,"6100","6167",1015.569799770430222,"150"
"6101",239013.832499999989523,8530199.562000000849366,"0",342.652008100000103,7.048089645413692,"9","0",11070.309756162016129,"6034","6101",943.483803628952387,"151"
"6101",239013.832499999989523,8530199.562000000849366,"0",342.652008100000103,7.048089645413692,"9","0",11592.049589768819715,"6101","6102",985.533636688123693,"152"
"6102",238980.388100000011036,8531184.527999999001622,"10",336.924011199999995,7.056910155513903,"9","0",11592.049589768819715,"6101","6102",985.533636688123693,"153"
"6102",238980.388100000011036,8531184.527999999001622,"10",336.924011199999995,7.056910155513903,"9","0",17634.116819129365467,"6102","6103",748.701456159219447,"154"
"6103",239041.879699999990407,8531930.699999999254942,"10",339.329986600000097,7.076191257751129,"9","0",17634.116819129365467,"6102","6103",748.701456159219447,"155"
"6103",239041.879699999990407,8531930.699999999254942,"10",339.329986600000097,7.076191257751129,"9","0",22913.126324877259322,"6103","6170",973.165050963089698,"156"
"6153",240531.215800000005402,8515457.872000001370907,"15",542.171997099999999,6.377155188459056,"9","0",16519.775018926269695,"6086","6153",1015.521793082910335,"157"
"6153",240531.215800000005402,8515457.872000001370907,"15",542.171997099999999,6.377155188459056,"9","0",20361.404414289034321,"6153","6154",985.570610639466054,"158"
"6154",240497.683300000004238,8516442.872000001370907,"0",665.361999500000024,5.924068588169438,"9","0",20361.404414289034321,"6153","6154",985.570610639466054,"159"
"6154",240497.683300000004238,8516442.872000001370907,"0",665.361999500000024,5.924068588169438,"9","0",15622.337194776955585,"6154","6155",985.567408251009738,"160"
"6155",240464.156799999997020,8517427.868999999016523,"0",849.327026400000022,3.426056487295386,"9","0",15622.337194776955585,"6154","6155",985.567408251009738,"161"
"6155",240464.156799999997020,8517427.868999999016523,"0",849.327026400000022,3.426056487295386,"9","0",15195.013866378008970,"6155","6223",1414.138262659400652,"162"
"6160",240296.616100000013830,8522352.814999999478459,"10",383.600006099999973,7.040274303064155,"9","0",16594.844396854146908,"6160","6228",1414.139016164306668,"163"
"6163",240196.164900000003399,8525307.748999999836087,"13",359.134002699999996,3.532174025567703,"9","0",5980.094795912754307,"6096","6163",1015.556588134100252,"164"
"6165",240129.227899999998044,8527277.692999999970198,"0",354.230987500000026,4.067166742066203,"9","0",6885.729353553483634,"6098","6165",1015.563193878713605,"165"
"6165",240129.227899999998044,8527277.692999999970198,"0",354.230987500000026,4.067166742066203,"9","0",18774.782205670846452,"6165","6232",1015.556602046848752,"166"
"6167",240062.315399999992223,8529247.626000000163913,"0",351.035003700000004,7.053786618439634,"9","0",11940.097126967735676,"6100","6167",1015.569799770430222,"167"
"6167",240062.315399999992223,8529247.626000000163913,"0",351.035003700000004,7.053786618439634,"9","0",23819.358301353589923,"6167","6234",1015.563175486857062,"168"
"6170",239986.661400000011781,8532164.018999999389052,"11",350.432006800000011,7.051274672435022,"9","0",22913.126324877259322,"6103","6170",973.165050963089698,"169"
"6208",241949.008399999991525,8503670.830000000074506,"9",390.946991000000025,7.059831961555494,"9","0",16639.879030846848764,"6208","6276",1414.123884479269236,"170"
"6223",241445.622899999987567,8518445.961000001057982,"0",678.838012700000036,2.975276738825717,"9","0",15195.013866378008970,"6155","6223",1414.138262659400652,"171"
"6223",241445.622899999987567,8518445.961000001057982,"0",678.838012700000036,2.975276738825717,"9","0",9902.558788321042812,"6223","6290",1015.519283263996954,"172"
"6224",241412.112300000007963,8519430.946000000461936,"4",656.039978000000019,5.873981378916367,"9","0",13960.838401770211931,"6224","6292",1414.128394146335722,"173"
"6228",241278.130999999993946,8523370.860999999567866,"0",368.579009999999982,3.184889768589822,"9","0",16594.844396854146908,"6160","6228",1414.139016164306668,"174"
"6232",241144.246899999998277,8527310.732999999076128,"0",366.785003700000004,7.025405754588832,"9","0",18774.782205670846452,"6165","6232",1015.556602046848752,"175"
"6232",241144.246899999998277,8527310.732999999076128,"0",366.785003700000004,7.025405754588832,"9","0",24512.052124448549876,"6232","6299",1015.550110195157117,"176"
"6234",241077.341400000004796,8529280.652999999001622,"8",352.385986300000013,7.020208957083034,"9","0",23819.358301353589923,"6167","6234",1015.563175486857062,"177"
"6234",241077.341400000004796,8529280.652999999001622,"8",352.385986300000013,7.020208957083034,"9","0",33669.033120405561931,"6234","6302",1388.070101677714320,"178"
"6275",242963.929700000007870,8503704.015000000596046,"8",396.036987300000021,7.072180001409179,"9","0",11617.688461278130490,"6275","6276",985.596803535822687,"179"
"6276",242930.332400000013877,8504689.038999998942018,"8",394.679992700000014,7.111038534402154,"9","0",16639.879030846848764,"6208","6276",1414.123884479269236,"180"
"6276",242930.332400000013877,8504689.038999998942018,"8",394.679992700000014,7.111038534402154,"9","0",11617.688461278130490,"6275","6276",985.596803535822687,"181"
"6276",242930.332400000013877,8504689.038999998942018,"8",394.679992700000014,7.111038534402154,"9","0",16690.045264939974004,"6276","6342",1416.116781050053532,"182"
"6290",242460.602899999998044,8518479.052000001072884,"11",649.651000999999951,2.873629209641597,"9","0",9902.558788321042812,"6223","6290",1015.519283263996954,"183"
"6290",242460.602899999998044,8518479.052000001072884,"11",649.651000999999951,2.873629209641597,"9","0",6775.071209755400560,"6290","6358",1414.116908188627576,"184"
"6292",242393.595299999986310,8520449.007999999448657,"0",839.155029299999796,7.598507473421682,"9","0",13960.838401770211931,"6224","6292",1414.128394146335722,"185"
"6294",242326.611999999993714,8522418.951999999582767,"2",540.064025899999820,4.296546426255030,"9","0",6762.064254720035933,"6294","6361",1015.526601748043731,"186"
"6296",242259.652800000010757,8524388.885999999940395,"13",381.756011999999998,7.097523823863861,"9","0",15381.964558217054218,"6296","6297",985.531524477179005,"187"
"6297",242226.182299999985844,8525373.848999999463558,"11",398.989990200000022,9.363176163941350,"9","0",15381.964558217054218,"6296","6297",985.531524477179005,"188"
"6299",242159.259599999990314,8527343.767000000923872,"1",495.694000200000005,7.342785241752540,"9","0",24512.052124448549876,"6232","6299",1015.550110195157117,"189"
"6302",242021.097299999993993,8530298.525000000372529,"0",427.653015100000061,7.513497789799984,"9","0",33669.033120405561931,"6234","6302",1388.070101677714320,"190"
"6302",242021.097299999993993,8530298.525000000372529,"0",427.653015100000061,7.513497789799984,"9","0",18070.164209527516505,"6302","6369",736.349485510144291,"191"
"6342",243978.844600000011269,8503737.194000000134110,"1",385.479003900000009,7.071027821672616,"9","0",16690.045264939974004,"6276","6342",1416.116781050053532,"192"
"6349",243743.817899999994552,8510632.251000000163913,"13",385.888000499999976,7.038829392633352,"9","0",18944.560414011204557,"6349","6415",1414.104539583013093,"193"
"6354",243576.122000000003027,8515557.201999999582767,"10",608.330017099999964,7.096760247486642,"9","0",23718.371797473333572,"6354","6419",1015.495524135920732,"194"
"6357",243475.576600000000326,8518512.137000000104308,"4",671.093994100000032,4.629664339835829,"9","0",7605.448926963666963,"6357","6358",985.542626392806255,"195"
"6358",243442.073499999998603,8519497.109999999403954,"0",669.177001999999902,3.481314026421444,"9","0",6775.071209755400560,"6290","6358",1414.116908188627576,"196"
"6358",243442.073499999998603,8519497.109999999403954,"0",669.177001999999902,3.481314026421444,"9","0",7605.448926963666963,"6357","6358",985.542626392806255,"197"
"6361",243341.600299999990966,8522452.013000000268221,"3",505.108001699999988,3.992241147001169,"9","0",6762.064254720035933,"6294","6361",1015.526601748043731,"198"
"6369",242587.200799999991432,8530769.414999999105930,"7",329.527008100000103,7.083060863112933,"9","0",18070.164209527516505,"6302","6369",736.349485510144291,"199"
"6369",242587.200799999991432,8530769.414999999105930,"7",329.527008100000103,7.083060863112933,"9","0",13516.437311503597812,"6369","6370",549.552067412957854,"200"
"6370",242746.154399999999441,8531295.476999999955297,"2",430.957000699999980,7.430502078749856,"9","0",13516.437311503597812,"6369","6370",549.552067412957854,"201"
"6370",242746.154399999999441,8531295.476999999955297,"2",430.957000699999980,7.430502078749856,"9","0",18178.076369785841962,"6370","6371",649.039176854435027,"202"
"6371",242588.290000000008149,8531925.025000000372529,"16",343.608001699999988,9.225618165706717,"9","0",18178.076369785841962,"6370","6371",649.039176854435027,"203"
"6408",244960.164099999994505,8504755.377999998629093,"26",373.790008499999999,7.047741847253707,"9","0",24528.576996595344099,"6408","6467",1015.448105844555130,"204"
"6412",244825.867200000007870,8508695.392000000923872,"18",369.904998799999987,7.033102614982492,"9","0",11599.980122174147255,"6412","6413",985.567525150457641,"205"
"6413",244792.307900000014342,8509680.388000000268221,"12",370.549011199999995,7.061613649523554,"9","0",11599.980122174147255,"6412","6413",985.567525150457641,"206"
"6414",244758.754599999985658,8510665.380000000819564,"35",376.019012499999974,5.613804216446447,"9","0",10864.297200301540215,"6414","6415",985.561116686636069,"207"
"6415",244725.207400000013877,8511650.369999999180436,"5",392.596008299999994,1.000000000000000,"9","0",18944.560414011204557,"6349","6415",1414.104539583013093,"208"
"6415",244725.207400000013877,8511650.369999999180436,"5",392.596008299999994,1.000000000000000,"9","0",10864.297200301540215,"6414","6415",985.561116686636069,"209"
"6415",244725.207400000013877,8511650.369999999180436,"5",392.596008299999994,1.000000000000000,"9","0",1644.099633158170946,"6415","6416",985.557921020423919,"210"
"6416",244691.666000000026543,8512635.357000000774860,"0",398.023010300000010,1.000000000000000,"9","0",1644.099633158170946,"6415","6416",985.557921020423919,"211"
"6419",244591.078000000008615,8515590.300000000745058,"0",716.648986799999989,6.839455544710651,"9","0",23718.371797473333572,"6354","6419",1015.495524135920732,"212"
"6419",244591.078000000008615,8515590.300000000745058,"0",716.648986799999989,6.839455544710651,"9","0",12063.976471740108536,"6419","6478",1015.489131888695397,"213"
"6422",244490.543899999989662,8518545.217000000178814,"14",574.669006299999864,3.028105567367648,"9","0",5939.791380283931176,"6422","6481",1015.499806913900670,"214"
"6422",244490.543899999989662,8518545.217000000178814,"14",574.669006299999864,3.028105567367648,"9","0",13953.629220151098707,"6422","6482",1414.096020980598041,"215"
"6428",244289.637699999992037,8524454.975999999791384,"0",403.085998500000017,7.346890493545197,"9","0",18534.044664795368590,"6428","6486",1212.761959626179760,"216"
"6428",244289.637699999992037,8524454.975999999791384,"0",403.085998500000017,7.346890493545197,"9","0",20626.387614306720934,"6428","6488",1364.180762577540463,"217"
"6430",244222.717000000004191,8526424.873999999836087,"2",415.049987799999997,9.355222804270586,"9","0",27230.785157353606337,"6430","6489",994.216230163856835,"218"
"6467",245975.070600000006380,8504788.538999998942018,"2",451.463012699999979,7.404741961007264,"9","0",24528.576996595344099,"6408","6467",1015.448105844555130,"219"
"6467",245975.070600000006380,8504788.538999998942018,"2",451.463012699999979,7.404741961007264,"9","0",12532.877828548451362,"6467","6522",1015.441580631852844,"220"
"6468",245941.491500000003725,8505773.541000001132488,"22",367.375000000000000,7.045139687682394,"9","0",11929.487761456812223,"6468","6523",1015.445382618631584,"221"
"6469",245907.918299999990268,8506758.538999998942018,"1",369.855010999999990,7.018319714339987,"9","0",11878.668695570702766,"6469","6524",1015.449284589324861,"222"
"6470",245874.350999999995111,8507743.535000000149012,"29",390.131988499999977,6.854092269204574,"9","0",11259.720032156457819,"6470","6471",985.564591588080248,"223"
"6471",245840.789799999998650,8508728.527999999001622,"0",400.467010500000015,7.251932706169073,"9","0",11259.720032156457819,"6470","6471",985.564591588080248,"224"
"6471",245840.789799999998650,8508728.527999999001622,"0",400.467010500000015,7.251932706169073,"9","0",11571.615990481004701,"6471","6472",985.560393016519924,"225"
"6472",245807.234499999991385,8509713.517000000923872,"12",360.151000999999951,7.038509376253081,"9","0",11571.615990481004701,"6471","6472",985.560393016519924,"226"
"6473",245773.685100000002421,8510698.504000000655651,"23",365.792999300000020,6.775620398245392,"9","0",11130.589819829623593,"6473","6474",985.553991403180135,"227"
"6474",245740.141700000007404,8511683.486999999731779,"0",375.079986599999984,1.000000000000000,"9","0",11130.589819829623593,"6473","6474",985.553991403180135,"228"
"6478",245606.027800000010757,8515623.392000000923872,"0",418.763000499999976,1.000000000000000,"9","0",12063.976471740108536,"6419","6478",1015.489131888695397,"229"
"6481",245505.505000000004657,8518578.289999999105930,"1",603.390014600000200,3.507426643058344,"9","0",5939.791380283931176,"6422","6481",1015.499806913900670,"230"
"6482",245472.009300000005169,8519563.251000000163913,"11",564.070007299999816,5.919941383468117,"9","0",13953.629220151098707,"6422","6482",1414.096020980598041,"231"
"6482",245472.009300000005169,8519563.251000000163913,"11",564.070007299999816,5.919941383468117,"9","0",21791.460174119638395,"6482","6483",985.527179618876175,"232"
"6483",245438.519599999999627,8520548.208999998867512,"2",424.449005100000022,7.217090493435712,"9","0",21791.460174119638395,"6482","6483",985.527179618876175,"233"
"6485",245355.415700000012293,8522495.531999999657273,"5",349.882995600000015,9.040855962168507,"9","0",31534.617533611752151,"6485","6486",1039.379936601253576,"234"
"6486",245000.620900000008987,8523472.482000000774860,"10",360.821991000000025,9.163858419895579,"9","0",18534.044664795368590,"6428","6486",1212.761959626179760,"235"
"6486",245000.620900000008987,8523472.482000000774860,"10",360.821991000000025,9.163858419895579,"9","0",31534.617533611752151,"6485","6486",1039.379936601253576,"236"
"6488",245139.974099999992177,8525521.707999998703599,"7",350.703002899999944,9.065214584882707,"9","0",20626.387614306720934,"6428","6488",1364.180762577540463,"237"
"6488",245139.974099999992177,8525521.707999998703599,"7",350.703002899999944,9.065214584882707,"9","0",24789.628546382751665,"6488","6489",923.733761924959367,"238"
"6489",245216.781500000011874,8526442.242999998852611,"10",343.656005900000025,7.037728085965602,"9","0",27230.785157353606337,"6430","6489",994.216230163856835,"239"
"6489",245216.781500000011874,8526442.242999998852611,"10",343.656005900000025,7.037728085965602,"9","0",24789.628546382751665,"6488","6489",923.733761924959367,"240"
"6489",245216.781500000011874,8526442.242999998852611,"10",343.656005900000025,7.037728085965602,"9","0",13141.700636278650563,"6489","6541",559.195021242154098,"241"
"6522",246989.970800000010058,8504821.692999999970198,"3",441.248992900000019,7.206653867634961,"9","0",12532.877828548451362,"6467","6522",1015.441580631852844,"242"
"6523",246956.395699999993667,8505806.688999999314547,"11",398.859985400000028,5.579510201007278,"9","0",11929.487761456812223,"6468","6523",1015.445382618631584,"243"
"6524",246922.826600000000326,8506791.680999999865890,"3",376.460998500000017,3.980229631129229,"9","0",11878.668695570702766,"6469","6524",1015.449284589324861,"244"
"6527",246822.154700000013690,8509746.640000000596046,"18",359.903015100000005,3.122441210932148,"9","0",9335.462601958975938,"6527","6574",1015.454298480597686,"245"
"6541",245759.920000000012806,8526309.202999999746680,"22",340.937988299999972,7.064178247832253,"9","0",13141.700636278650563,"6489","6541",559.195021242154098,"246"
"6574",247837.068800000008196,8509779.757999999448657,"3",381.872009300000059,5.514292240279163,"9","0",9335.462601958975938,"6527","6574",1015.454298480597686,"247"
"6575",247803.527299999987008,8510764.732000000774860,"9",355.113006600000006,4.280565881359833,"9","0",7034.526714872104094,"6575","6576",985.541732909536790,"248"
"6576",247769.991700000013225,8511749.702999999746680,"0",381.184997599999974,4.571888605832181,"9","0",7034.526714872104094,"6575","6576",985.541732909536790,"249"
"6582",247568.902499999996508,8517659.469000000506639,"16",356.763000499999976,7.078734679477353,"9","0",23499.160890250870580,"6582","6617",999.904123862701795,"250"
"6604",249019.752700000011828,8504887.982999999076128,"2",362.156005900000025,3.455707101866532,"9","0",11344.156073428688615,"6604","6605",985.554794914950435,"251"
"6605",248986.185700000001816,8505872.966000000014901,"10",370.513000499999976,6.905698325013178,"9","0",11344.156073428688615,"6604","6605",985.554794914950435,"252"
"6609",248851.976599999994505,8509812.868999999016523,"21",354.588989300000094,7.037219447396161,"9","0",20836.632993296378118,"6609","6610",985.538799304519898,"253"
"6610",248818.439099999988684,8510797.837000001221895,"13",363.402008100000103,5.648968295890881,"9","0",20836.632993296378118,"6609","6610",985.538799304519898,"254"
"6610",248818.439099999988684,8510797.837000001221895,"13",363.402008100000103,5.648968295890881,"9","0",9279.610563932448713,"6610","6611",985.535603684410717,"255"
"6611",248784.907399999996414,8511782.802000001072884,"0",368.627014200000019,3.352929141496937,"9","0",9279.610563932448713,"6610","6611",985.535603684410717,"256"
"6611",248784.907399999996414,8511782.802000001072884,"0",368.627014200000019,3.352929141496937,"9","0",11546.492914146483599,"6611","6612",985.532404697267225,"257"
"6612",248751.381599999993341,8512767.764000000432134,"6",388.187011700000028,7.027915904801589,"9","0",11546.492914146483599,"6611","6612",985.532404697267225,"258"
"6615",248650.839600000006612,8515722.632999999448657,"3",363.993011500000023,7.046822487770608,"9","0",23111.345661939965794,"6615","6616",985.519609091251596,"259"
"6616",248617.337399999989429,8516707.582999998703599,"8",355.412994399999945,7.024605967167664,"9","0",23111.345661939965794,"6615","6616",985.519609091251596,"260"
"6616",248617.337399999989429,8516707.582999998703599,"8",355.412994399999945,7.024605967167664,"9","0",21779.315178353459487,"6616","6644",928.321870329903959,"261"
"6617",248568.658300000010058,8517676.690999999642372,"18",346.653015100000005,7.022803223817882,"9","0",23499.160890250870580,"6582","6617",999.904123862701795,"262"
"6617",248568.658300000010058,8517676.690999999642372,"18",346.653015100000005,7.022803223817882,"9","0",22719.024278191096528,"6617","6618",970.631167361377379,"263"
"6617",248568.658300000010058,8517676.690999999642372,"18",346.653015100000005,7.022803223817882,"9","0",15879.388923323653216,"6617","6645",676.634767537343464,"264"
"6618",248303.088900000002468,8518610.285000000149012,"2",349.623992900000019,7.022402041829151,"9","0",22719.024278191096528,"6617","6618",970.631167361377379,"265"
"6618",248303.088900000002468,8518610.285000000149012,"2",349.623992900000019,7.022402041829151,"9","0",20541.295337019750150,"6618","6619",765.760672872171540,"266"
"6619",248224.575000000011642,8519372.009999999776483,"8",352.485992399999986,9.073911274041267,"9","0",20541.295337019750150,"6618","6619",765.760672872171540,"267"
"6630",250101.777700000006007,8502951.153999999165535,"10",373.115997300000004,3.313314398383908,"9","0",11551.685441723624535,"6630","6631",985.556053212262441,"268"
"6631",250068.203100000013364,8503936.138000000268221,"0",390.520996099999991,3.718882036431311,"9","0",11551.685441723624535,"6630","6631",985.556053212262441,"269"
"6631",250068.203100000013364,8503936.138000000268221,"0",390.520996099999991,3.718882036431311,"9","0",6112.079827631167063,"6631","6632",985.551857961138353,"270"
"6632",250034.634300000005169,8504921.117999998852611,"14",362.532989499999985,5.392290042891205,"9","0",6112.079827631167063,"6631","6632",985.551857961138353,"271"
"6632",250034.634300000005169,8504921.117999998852611,"14",362.532989499999985,5.392290042891205,"9","0",10078.554023973894800,"6632","6633",985.549658182841426,"272"
"6633",250001.071399999986170,8505906.096000000834465,"9",360.877014200000019,6.135401753827917,"9","0",10078.554023973894800,"6632","6633",985.549658182841426,"273"
"6634",249967.514399999985471,8506891.070000000298023,"12",357.553985600000090,7.024560133572455,"9","0",11888.783853644355986,"6634","6658",1015.423782091988755,"274"
"6635",249933.963199999998324,8507876.041000001132488,"11",355.829009999999982,7.017901025973027,"9","0",11882.662784394813571,"6635","6659",1015.427584298705938,"275"
"6637",249866.878300000011222,8509845.973999999463558,"13",369.582000699999980,7.040766200128624,"9","0",22194.338888398113340,"6637","6638",985.532670070033078,"276"
"6638",249833.344699999986915,8510830.936000000685453,"9",355.113006600000006,6.471216169177692,"9","0",22194.338888398113340,"6637","6638",985.532670070033078,"277"
"6638",249833.344699999986915,8510830.936000000685453,"9",355.113006600000006,6.471216169177692,"9","0",10630.474457999171136,"6638","6639",985.529474471265075,"278"
"6639",249799.816900000005262,8511815.894999999552965,"0",365.623992900000019,1.000000000000000,"9","0",10630.474457999171136,"6638","6639",985.529474471265075,"279"
"6639",249799.816900000005262,8511815.894999999552965,"0",365.623992900000019,1.000000000000000,"9","0",16600.878109458888503,"6639","6662",1416.068036974914548,"280"
"6644",249544.010700000013458,8516652.282999999821186,"2",345.303008999999975,7.052538462382731,"9","0",21779.315178353459487,"6616","6644",928.321870329903959,"281"
"6644",249544.010700000013458,8516652.282999999821186,"2",345.303008999999975,7.052538462382731,"9","0",20733.378033905919438,"6644","6645",881.605228097010354,"282"
"6644",249544.010700000013458,8516652.282999999821186,"2",345.303008999999975,7.052538462382731,"9","0",19088.390121721382457,"6644","6668",810.188961614218101,"283"
"6645",249212.717600000003586,8517469.273000000044703,"5",350.714996299999996,7.059261393942513,"9","0",15879.388923323653216,"6617","6645",676.634767537343464,"284"
"6645",249212.717600000003586,8517469.273000000044703,"5",350.714996299999996,7.059261393942513,"9","0",20733.378033905919438,"6644","6645",881.605228097010354,"285"
"6658",250982.397999999986496,8506924.187000000849366,"5",361.816986100000008,7.017738244310398,"9","0",11888.783853644355986,"6634","6658",1015.423782091988755,"286"
"6659",250948.850799999985611,8507909.152000000700355,"0",385.902008100000103,7.029620045773195,"9","0",11882.662784394813571,"6635","6659",1015.427584298705938,"287"
"6661",250881.773900000000140,8509879.072999998927116,"35",372.483001699999988,7.075127623979193,"9","0",23176.439020449957752,"6661","6662",985.526540849388084,"288"
"6662",250848.244199999986449,8510864.028999999165535,"9",351.954009999999982,7.033308122828555,"9","0",16600.878109458888503,"6639","6662",1416.068036974914548,"289"
"6662",250848.244199999986449,8510864.028999999165535,"9",351.954009999999982,7.033308122828555,"9","0",23176.439020449957752,"6661","6662",985.526540849388084,"290"
"6663",250814.720299999986310,8511848.982000000774860,"14",361.157989499999985,5.423010458127198,"9","0",8908.328477374701833,"6663","6664",985.520149731166725,"291"
"6664",250781.202199999999721,8512833.932000000029802,"12",365.829009999999982,3.126381461957960,"9","0",8908.328477374701833,"6663","6664",985.520149731166725,"292"
"6664",250781.202199999999721,8512833.932000000029802,"12",365.829009999999982,3.126381461957960,"9","0",11424.174527479810422,"6664","6684",1015.439971262451763,"293"
"6665",250747.690000000002328,8513818.879000000655651,"0",378.707000699999980,7.071394119053219,"9","0",11889.892896548459248,"6665","6685",1015.443573838052203,"294"
"6666",250714.183699999994133,8514803.822999998927116,"4",384.535003700000004,7.082065451886562,"9","0",11712.533857842192447,"6666","6686",1000.371711404486291,"295"
"6666",250714.183699999994133,8514803.822999998927116,"4",384.535003700000004,7.082065451886562,"9","0",12499.717104460527480,"6666","6687",1049.085139063806309,"296"
"6667",250593.071999999985565,8515726.622000001370907,"8",358.317993199999989,7.054115627319187,"9","0",16848.538613814660494,"6667","6668",715.010422086257222,"297"
"6668",250307.892099999997299,8516382.299000000581145,"14",350.359985400000028,7.084850366350546,"9","0",19088.390121721382457,"6644","6668",810.188961614218101,"298"
"6668",250307.892099999997299,8516382.299000000581145,"14",350.359985400000028,7.084850366350546,"9","0",16848.538613814660494,"6667","6668",715.010422086257222,"299"
"6684",251796.103399999992689,8512867.006000000983477,"29",353.808013899999992,6.749482672955469,"9","0",11424.174527479810422,"6664","6684",1015.439971262451763,"300"
"6685",251762.595000000001164,8513851.947000000625849,"14",356.587005600000055,7.023474039333802,"9","0",11889.892896548459248,"6665","6685",1015.443573838052203,"301"
"6686",251714.361399999994319,8514823.524000000208616,"5",359.627990699999941,7.022435066356059,"9","0",11712.533857842192447,"6666","6686",1000.371711404486291,"302"
"6686",251714.361399999994319,8514823.524000000208616,"5",359.627990699999941,7.022435066356059,"9","0",16060.929840099866851,"6686","6704",682.820928169396325,"303"
"6687",251558.230199999990873,8515426.851999999955297,"7",350.614990200000022,7.144905024055432,"9","0",12499.717104460527480,"6666","6687",1049.085139063806309,"304"
"6702",252810.998400000011316,8512900.074999999254942,"13",361.200988800000005,9.012261645301685,"9","0",24816.658617150285863,"6702","6703",927.717008247016793,"305"
"6703",252745.134099999995669,8513825.450999999418855,"18",354.717010500000015,7.039099368493679,"9","0",24816.658617150285863,"6702","6703",927.717008247016793,"306"
"6703",252745.134099999995669,8513825.450999999418855,"18",354.717010500000015,7.039099368493679,"9","0",19931.121741547096462,"6703","6704",846.489037820077442,"307"
"6703",252745.134099999995669,8513825.450999999418855,"18",354.717010500000015,7.039099368493679,"9","0",26399.244592565642961,"6703","6718",973.911449268378988,"308"
"6704",252349.975000000005821,8514574.044999999925494,"33",345.656005900000025,7.088885015927353,"9","0",16060.929840099866851,"6686","6704",682.820928169396325,"309"
"6704",252349.975000000005821,8514574.044999999925494,"33",345.656005900000025,7.088885015927353,"9","0",19931.121741547096462,"6703","6704",846.489037820077442,"310"
"6718",253712.783499999990454,8513715.187000000849366,"15",395.338989299999980,9.212243755106163,"9","0",26399.244592565642961,"6703","6718",973.911449268378988,"311"
"6718",253712.783499999990454,8513715.187000000849366,"15",395.338989299999980,9.212243755106163,"9","0",20917.242978844744357,"6718","6730",684.638219865945644,"312"
"6730",254359.964600000006612,8513491.835000000894070,"1",344.257995600000015,9.070128426912914,"9","0",20917.242978844744357,"6718","6730",684.638219865945644,"313"
"6761",211507.592899999988731,8539125.982000000774860,"5",339.139007600000014,7.082829674165633,"9","0",9215.916757200124266,"6761","6771",780.574186404599800,"314"
"6762",211488.174599999998463,8539810.313999999314547,"6",339.446014400000024,7.020030043721754,"9","0",11819.551204378720286,"6762","6771",1010.103704393771295,"315"
"6764",211253.585400000010850,8542953.622999999672174,"8",334.628997800000093,7.036999358090008,"9","0",17946.786651416816312,"6764","6765",765.038714563482131,"316"
"6764",211253.585400000010850,8542953.622999999672174,"8",334.628997800000093,7.036999358090008,"9","0",28791.726650188684289,"6764","6774",1227.401826517119389,"317"
"6765",211594.655900000012480,8543638.426000000908971,"0",322.304992700000014,7.037781011881259,"9","0",17946.786651416816312,"6764","6765",765.038714563482131,"318"
"6765",211594.655900000012480,8543638.426000000908971,"0",322.304992700000014,7.037781011881259,"9","0",22840.428306591547880,"6765","6776",850.966786565511939,"319"
"6767",212581.511700000002747,8535391.513000000268221,"15",358.966003399999977,5.661229840420384,"9","0",8118.454433386483288,"6767","6781",860.069976975765371,"320"
"6771",212285.521399999997811,8539190.195000000298023,"3",351.093994100000089,7.018252951455596,"9","0",9215.916757200124266,"6761","6771",780.574186404599800,"321"
"6771",212285.521399999997811,8539190.195000000298023,"3",351.093994100000089,7.018252951455596,"9","0",11819.551204378720286,"6762","6771",1010.103704393771295,"322"
"6772",212324.669200000003912,8540134.667999999597669,"10",347.608001699999988,7.032716978843599,"9","0",23471.966625724959158,"6772","6773",1002.288299256735741,"323"
"6773",212377.895799999998417,8541135.542000001296401,"13",338.191986100000008,7.019095213620937,"9","0",23471.966625724959158,"6772","6773",1002.288299256735741,"324"
"6773",212377.895799999998417,8541135.542000001296401,"13",338.191986100000008,7.019095213620937,"9","0",24841.121167184603109,"6773","6774",1060.342432328588757,"325"
"6774",212208.296200000011595,8542182.232999999076128,"1",339.540985100000000,7.038770244617835,"9","0",28791.726650188684289,"6764","6774",1227.401826517119389,"326"
"6774",212208.296200000011595,8542182.232999999076128,"1",339.540985100000000,7.038770244617835,"9","0",24841.121167184603109,"6773","6774",1060.342432328588757,"327"
"6776",212356.128300000011222,8544018.300000000745058,"3",324.854003900000009,9.068095593347410,"9","0",22840.428306591547880,"6765","6776",850.966786565511939,"328"
"6776",212356.128300000011222,8544018.300000000745058,"3",324.854003900000009,9.068095593347410,"9","0",20091.154888152294006,"6776","6777",666.330360749297597,"329"
"6777",212543.249000000010710,8544657.816999999806285,"9",325.765991199999974,9.024862406162050,"9","0",20091.154888152294006,"6776","6777",666.330360749297597,"330"
"6777",212543.249000000010710,8544657.816999999806285,"9",325.765991199999974,9.024862406162050,"9","0",20929.148854920113081,"6777","6790",779.695522529283153,"331"
"6778",213872.879699999990407,8532317.338999999687076,"4",367.726989699999990,2.700299718979266,"9","0",4729.521008476302995,"4480","6778",1050.341497234035160,"332"
"6778",213872.879699999990407,8532317.338999999687076,"4",367.726989699999990,2.700299718979266,"9","0",4911.522139478477584,"6778","6779",1091.015056813080946,"333"
"6778",213872.879699999990407,8532317.338999999687076,"4",367.726989699999990,2.700299718979266,"9","0",8162.560037255309908,"6778","6794",678.915252560276372,"334"
"6779",213652.594799999991665,8533385.883999999612570,"2",374.040008499999999,2.614861650149572,"9","0",4911.522139478477584,"6778","6779",1091.015056813080946,"335"
"6781",213434.687800000014249,8535282.835000000894070,"7",381.329009999999982,1.000000000000000,"9","0",8118.454433386483288,"6767","6781",860.069976975765371,"336"
"6790",213133.497200000012526,8544148.373999999836087,"5",347.640991199999974,7.076045015986375,"9","0",20929.148854920113081,"6777","6790",779.695522529283153,"337"
"6794",214550.414599999989150,8532360.609999999403954,"6",374.419006299999978,4.513837657134461,"9","0",8162.560037255309908,"6778","6794",678.915252560276372,"338"
"6809",214048.515500000008615,8547137.158999999985099,"2",345.968994100000089,7.108026262181675,"9","0",22566.999709498362790,"6809","6810",954.886706400870594,"339"
"6810",214038.109100000001490,8548091.989000000059605,"0",316.938995400000010,7.066744756870525,"9","0",22566.999709498362790,"6809","6810",954.886706400870594,"340"
"6810",214038.109100000001490,8548091.989000000059605,"0",316.938995400000010,7.066744756870525,"9","0",25161.990072285003407,"6810","6811",1070.810926055975870,"341"
"6811",214395.230500000005122,8549101.493999999016523,"9",314.424011199999995,7.033468364168701,"9","0",12981.923254465205900,"6830","6811",552.353053386643069,"342"
"6811",214395.230500000005122,8549101.493999999016523,"9",314.424011199999995,7.033468364168701,"9","0",25161.990072285003407,"6810","6811",1070.810926055975870,"343"
"6830",214939.546299999987241,8549007.609999999403954,"7",316.604003900000009,7.069598918689352,"9","0",26350.394962317903264,"6830","6849",1122.025155109560956,"344"
"6830",214939.546299999987241,8549007.609999999403954,"7",316.604003900000009,7.069598918689352,"9","0",12981.923254465205900,"6830","6811",552.353053386643069,"345"
"6849",216054.715399999986403,8549131.457999998703599,"2",315.020996099999991,7.022600663966013,"9","0",26350.394962317903264,"6830","6849",1122.025155109560956,"346"
"6849",216054.715399999986403,8549131.457999998703599,"2",315.020996099999991,7.022600663966013,"9","0",18543.130645623099554,"6849","6869",788.666578148161420,"347"
"6868",216988.886599999997998,8549134.434000000357628,"0",316.656005900000025,7.022313682279020,"9","0",17123.585638521264627,"6868","6869",728.314778743258557,"348"
"6868",216988.886599999997998,8549134.434000000357628,"0",316.656005900000025,7.022313682279020,"9","0",21117.064186550916929,"6868","6887",897.295920741969667,"349"
"6869",216568.902700000006007,8549729.460000000894070,"5",321.778015100000005,7.085493974458744,"9","0",18543.130645623099554,"6849","6869",788.666578148161420,"350"
"6869",216568.902700000006007,8549729.460000000894070,"5",321.778015100000005,7.085493974458744,"9","0",17123.585638521264627,"6868","6869",728.314778743258557,"351"
"6872",218544.224900000001071,8534463.319000000134110,"10",438.682006800000011,5.685707414703431,"9","0",9355.467132092151587,"6872","6873",985.655785787222612,"352"
"6872",218544.224900000001071,8534463.319000000134110,"10",438.682006800000011,5.685707414703431,"9","0",29037.666770237901801,"6872","6889",1416.322712555009502,"353"
"6873",218510.744600000005448,8535448.405999999493361,"0",383.726013200000011,5.921002330438657,"9","0",9355.467132092151587,"6872","6873",985.655785787222612,"354"
"6887",217870.306199999991804,8548966.388000000268221,"5",319.722991899999897,7.099484210703747,"9","0",21117.064186550916929,"6868","6887",897.295920741969667,"355"
"6887",217870.306199999991804,8548966.388000000268221,"5",319.722991899999897,7.099484210703747,"9","0",38915.386954211367993,"6887","6904",1446.752963127572912,"356"
"6888",219626.385500000003958,8532526.257000001147389,"3",445.036987300000021,2.614782870269878,"9","0",15163.182218047479182,"6888","6889",985.654119872230581,"357"
"6888",219626.385500000003958,8532526.257000001147389,"3",445.036987300000021,2.614782870269878,"9","0",12107.814874282106757,"6888","6905",1015.713097664438806,"358"
"6889",219592.895400000008522,8533511.342000000178814,"3",457.186004599999990,6.615765587537772,"9","0",29037.666770237901801,"6872","6889",1416.322712555009502,"359"
"6889",219592.895400000008522,8533511.342000000178814,"3",457.186004599999990,6.615765587537772,"9","0",15163.182218047479182,"6888","6889",985.654119872230581,"360"
"6904",219094.898900000000140,8548196.019999999552965,"4",317.042999300000020,9.041161676721591,"9","0",38915.386954211367993,"6887","6904",1446.752963127572912,"361"
"6904",219094.898900000000140,8548196.019999999552965,"4",317.042999300000020,9.041161676721591,"9","0",30261.671128841018799,"6904","6921",1004.710009084713533,"362"
"6905",220641.558699999994133,8532559.369999999180436,"0",419.687011700000028,4.536009763570140,"9","0",12107.814874282106757,"6888","6905",1015.713097664438806,"363"
"6905",220641.558699999994133,8532559.369999999180436,"0",419.687011700000028,4.536009763570140,"9","0",17803.938117382112978,"6905","5007",1416.304805006931929,"364"
"6921",220098.868799999996554,8548234.576999999582767,"0",316.161010700000020,9.032522668142226,"9","0",30261.671128841018799,"6904","6921",1004.710009084713533,"365"
"6921",220098.868799999996554,8548234.576999999582767,"0",316.161010700000020,9.032522668142226,"9","0",30063.666350213137775,"6921","6938",997.298400220598296,"366"
"6928",221455.923600000009174,8538502.867999998852611,"0",336.230010999999990,7.051826384148363,"9","0",11879.897270861667494,"6928","6945",1015.717600470422326,"367"
"6930",221389.042300000000978,8540472.980000000447035,"5",330.533996600000023,9.045307146241996,"9","0",29674.701354645516403,"6930","6931",985.620121806701377,"368"
"6930",221389.042300000000978,8540472.980000000447035,"5",330.533996600000023,9.045307146241996,"9","0",26300.594095866108546,"6930","6947",982.716595377943918,"369"
"6931",221355.611600000003818,8541458.032999999821186,"13",323.437011700000028,9.020618540713423,"9","0",29674.701354645516403,"6930","6931",985.620121806701377,"370"
"6931",221355.611600000003818,8541458.032999999821186,"13",323.437011700000028,9.020618540713423,"9","0",26344.363854656792682,"6931","6932",985.616903083261263,"371"
"6932",221322.187399999995250,8542443.082999998703599,"0",322.398986800000102,7.018260577785263,"9","0",26344.363854656792682,"6931","6932",985.616903083261263,"372"
"6932",221322.187399999995250,8542443.082999998703599,"0",322.398986800000102,7.018260577785263,"9","0",23074.861339359507838,"6932","6933",985.615679864912408,"373"
"6933",221288.769800000009127,8543428.132000001147389,"7",325.304992700000014,7.030056157575652,"9","0",23074.861339359507838,"6932","6933",985.615679864912408,"374"
"6933",221288.769800000009127,8543428.132000001147389,"7",325.304992700000014,7.030056157575652,"9","0",22618.845012830995984,"6933","6934",965.568157833533860,"375"
"6934",221221.930800000001909,8544391.383999999612570,"11",315.743011500000023,7.025915642020050,"9","0",22618.845012830995984,"6933","6934",965.568157833533860,"376"
"6934",221221.930800000001909,8544391.383999999612570,"11",315.743011500000023,7.025915642020050,"9","0",27363.051562131448009,"6934","6935",1022.928344637805708,"377"
"6935",221170.966799999994691,8545413.042000001296401,"6",318.139007600000014,9.025480264168689,"9","0",27363.051562131448009,"6934","6935",1022.928344637805708,"378"
"6935",221170.966799999994691,8545413.042000001296401,"6",318.139007600000014,9.025480264168689,"9","0",26044.755835428521095,"6935","6936",970.401013762014372,"379"
"6936",221188.533499999990454,8546383.283999999985099,"0",326.950988800000005,7.078967072097264,"9","0",26044.755835428521095,"6935","6936",970.401013762014372,"380"
"6936",221188.533499999990454,8546383.283999999985099,"0",326.950988800000005,7.078967072097264,"9","0",23148.598699222715368,"6936","6937",985.584023374484445,"381"
"6937",221155.165299999993294,8547368.302999999374151,"0",340.282989499999985,7.013466727442280,"9","0",23148.598699222715368,"6936","6937",985.584023374484445,"382"
"6937",221155.165299999993294,8547368.302999999374151,"0",340.282989499999985,7.013466727442280,"9","0",22294.405261299063568,"6937","6938",832.297447759400484,"383"
"6938",221095.513000000006286,8548198.460000000894070,"7",321.671997100000056,9.056073864653873,"9","0",30063.666350213137775,"6921","6938",997.298400220598296,"384"
"6938",221095.513000000006286,8548198.460000000894070,"7",321.671997100000056,9.056073864653873,"9","0",22294.405261299063568,"6937","6938",832.297447759400484,"385"
"6945",222471.103000000002794,8538535.928999999538064,"0",333.246002200000021,7.017309480243174,"9","0",11879.897270861667494,"6928","6945",1015.717600470422326,"386"
"6945",222471.103000000002794,8538535.928999999538064,"0",333.246002200000021,7.017309480243174,"9","0",16542.304296635975334,"6945","6962",1414.330730971802495,"387"
"6947",222371.532799999986310,8540451.901000000536442,"10",321.605987500000026,7.013527580649308,"9","0",26300.594095866108546,"6930","6947",982.716595377943918,"388"
"6947",222371.532799999986310,8540451.901000000536442,"10",321.605987500000026,7.013527580649308,"9","0",16429.793194233199756,"6947","6962",1405.487559601495605,"389"
"6962",223452.838099999993574,8539554.028999999165535,"2",325.105010999999990,7.049226647392598,"9","0",16542.304296635975334,"6945","6962",1414.330730971802495,"390"
"6962",223452.838099999993574,8539554.028999999165535,"2",325.105010999999990,7.049226647392598,"9","0",16429.793194233199756,"6947","6962",1405.487559601495605,"391"
"6962",223452.838099999993574,8539554.028999999165535,"2",325.105010999999990,7.049226647392598,"9","0",9159.396765329945993,"6962","6963",780.386671796790779,"392"
"6963",223367.968300000007730,8540329.787000000476837,"16",327.747985799999981,7.041862667980576,"9","0",9159.396765329945993,"6962","6963",780.386671796790779,"393"
"6979",225483.168999999994412,8539620.109999999403954,"0",351.774993900000027,7.075745076213797,"9","0",11041.718564109851286,"6979","6980",943.830631663240410,"394"
"6979",225483.168999999994412,8539620.109999999403954,"0",351.774993900000027,7.075745076213797,"9","0",16648.998436572997889,"6979","6990",1414.296854861472639,"395"
"6980",225481.413999999989755,8540563.938999999314547,"13",325.868988000000002,7.016359968947812,"9","0",11041.718564109851286,"6979","6980",943.830631663240410,"396"
"6990",226464.902999999991152,8540638.163999998942018,"5",329.884002699999996,7.062016180082630,"9","0",16648.998436572997889,"6979","6990",1414.296854861472639,"397"
"6992",227747.578899999993155,8532791.004000000655651,"0",354.015991199999974,7.019434189356350,"9","0",23128.795284988431376,"5403","6992",985.601446744579334,"398"
"6992",227747.578899999993155,8532791.004000000655651,"0",354.015991199999974,7.019434189356350,"9","0",23100.103060747725976,"6992","6993",985.599230584623115,"399"
"6993",227714.115900000004331,8533776.035000000149012,"13",349.993011500000023,7.044428769724264,"9","0",23100.103060747725976,"6992","6993",985.599230584623115,"400"
"6993",227714.115900000004331,8533776.035000000149012,"13",349.993011500000023,7.044428769724264,"9","0",23123.376518729673990,"6993","6994",985.597014465301868,"401"
"6994",227680.659299999999348,8534761.063999999314547,"5",344.036010700000020,7.033495389379274,"9","0",23123.376518729673990,"6993","6994",985.597014465301868,"402"
"6994",227680.659299999999348,8534761.063999999314547,"5",344.036010700000020,7.033495389379274,"9","0",16579.757661840794754,"6994","7005",1414.272727178251671,"403"
"6995",227647.209200000012061,8535746.089999999850988,"12",337.760009800000091,7.030967763194108,"9","0",11550.652127330155054,"6995","6996",985.590583501855804,"404"
"6996",227613.765400000003865,8536731.112999999895692,"8",348.906005900000025,7.026272078444476,"9","0",11550.652127330155054,"6995","6996",985.590583501855804,"405"
"6996",227613.765400000003865,8536731.112999999895692,"8",348.906005900000025,7.026272078444476,"9","0",11650.662917068913885,"6996","6997",985.588364111372584,"406"
"6996",227613.765400000003865,8536731.112999999895692,"8",348.906005900000025,7.026272078444476,"9","0",21373.777227830094489,"6996","7007",1414.273955820960964,"407"
"6997",227580.328100000013364,8537716.133999999612570,"17",340.700012200000003,7.092077402899566,"9","0",11650.662917068913885,"6996","6997",985.588364111372584,"408"
"7004",228695.784600000013597,8534794.118999999016523,"5",365.507995600000015,9.053451026621461,"9","0",14873.170379074215816,"7004","7005",985.586687609824708,"409"
"7005",228662.337800000008428,8535779.138000000268221,"2",351.917999300000020,7.049465008930461,"9","0",16579.757661840794754,"6994","7005",1414.272727178251671,"410"
"7005",228662.337800000008428,8535779.138000000268221,"2",351.917999300000020,7.049465008930461,"9","0",14873.170379074215816,"7004","7005",985.586687609824708,"411"
"7007",228595.463300000003073,8537749.169999999925494,"3",334.817993199999989,9.067195424296012,"9","0",21373.777227830094489,"6996","7007",1414.273955820960964,"412"
"7007",228595.463300000003073,8537749.169999999925494,"3",334.817993199999989,9.067195424296012,"9","0",29720.997487862023263,"7007","7008",985.579040252969889,"413"
"7008",228562.035700000007637,8538734.182000000029802,"8",331.147003199999972,9.028013069280052,"9","0",29720.997487862023263,"7007","7008",985.579040252969889,"414"
"7008",228562.035700000007637,8538734.182000000029802,"8",331.147003199999972,9.028013069280052,"9","0",29623.251289154617552,"7008","7009",985.576827747715811,"415"
"7009",228528.614399999991292,8539719.191999999806285,"5",328.687988299999972,9.007793494880584,"9","0",29623.251289154617552,"7008","7009",985.576827747715811,"416"
"7009",228528.614399999991292,8539719.191999999806285,"5",328.687988299999972,9.007793494880584,"9","0",27120.732982378853194,"7009","7018",1015.671792713550190,"417"
"7011",229777.809299999993527,8532857.135999999940395,"2",372.194000200000005,7.019562049272145,"9","0",33174.573140997243172,"5597","7011",1416.230040241986899,"418"
"7016",229610.591799999994691,8537782.199999999254942,"7",343.920013400000016,9.013331394897703,"9","0",29634.062309729470144,"7016","7017",985.571935752014952,"419"
"7017",229577.167400000005728,8538767.205000000074506,"2",347.778015100000005,9.029064826114741,"9","0",29634.062309729470144,"7016","7017",985.571935752014952,"420"
"7017",229577.167400000005728,8538767.205000000074506,"2",347.778015100000005,9.029064826114741,"9","0",26356.493541932206426,"7017","7018",985.570719298023050,"421"
"7018",229543.749400000000605,8539752.208999998867512,"2",329.369995100000096,7.015161601432366,"9","0",27120.732982378853194,"7009","7018",1015.671792713550190,"422"
"7018",229543.749400000000605,8539752.208999998867512,"2",329.369995100000096,7.015161601432366,"9","0",26356.493541932206426,"7017","7018",985.570719298023050,"423"
"7018",229543.749400000000605,8539752.208999998867512,"2",329.369995100000096,7.015161601432366,"9","0",20902.452252114882867,"7018","7019",891.106144355178117,"424"
"7019",229588.930800000001909,8540642.168999999761581,"6",332.416992199999981,7.060212448854803,"9","0",20902.452252114882867,"7018","7019",891.106144355178117,"425"
"7022",230759.461600000009639,8533875.203999999910593,"2",351.869995100000096,9.092403032853641,"9","0",14936.540598604340630,"7022","7023",985.576683187304411,"426"
"7023",230726.015099999989616,8534860.212999999523163,"0",340.709014900000000,7.029312273510838,"9","0",14936.540598604340630,"7022","7023",985.576683187304411,"427"
"7023",230726.015099999989616,8534860.212999999523163,"0",340.709014900000000,7.029312273510838,"9","0",14928.245628212962401,"7023","7024",985.573471139506864,"428"
"7024",230692.574900000006892,8535845.219000000506639,"3",335.792999300000020,9.087852318518893,"9","0",14928.245628212962401,"7023","7024",985.573471139506864,"429"
"7024",230692.574900000006892,8535845.219000000506639,"3",335.792999300000020,9.087852318518893,"9","0",34808.833930634726130,"7024","7035",1151.186472902881860,"430"
"7035",231605.101200000004610,8536547.020999999716878,"4",334.213989300000094,9.056357972629318,"9","0",34808.833930634726130,"7024","7035",1151.186472902881860,"431"
"7039",232789.658699999999953,8533941.288999998942018,"0",356.356994600000064,7.033094274977152,"9","0",10497.923025694088210,"7039","7044",889.794775205832707,"432"
"7039",232789.658699999999953,8533941.288999998942018,"0",356.356994600000064,7.033094274977152,"9","0",21315.987554954077495,"7039","7045",1413.448074275122053,"433"
"7043",233836.168800000014016,8532987.289999999105930,"0",335.441986100000008,7.040052393812410,"9","0",14020.236471030195389,"7043","7048",932.599129449170050,"434"
"7043",233836.168800000014016,8532987.289999999105930,"0",335.441986100000008,7.040052393812410,"9","0",11517.585865142938928,"7043","5783",983.590770334846184,"435"
"7044",233679.247100000007777,8533960.451999999582767,"5",332.957000699999980,7.076144918847248,"9","0",10497.923025694088210,"7039","7044",889.794775205832707,"436"
"7045",233759.895699999993667,8534969.139000000432134,"3",357.742004399999985,9.048405996766801,"9","0",21315.987554954077495,"7039","7045",1413.448074275122053,"437"
"7045",233759.895699999993667,8534969.139000000432134,"3",357.742004399999985,9.048405996766801,"9","0",29425.449079980320676,"7045","7046",975.408473527014280,"438"
"7045",233759.895699999993667,8534969.139000000432134,"3",357.742004399999985,9.048405996766801,"9","0",30432.103481388716318,"7045","7049",1005.308059872054514,"439"
"7046",233737.880600000004051,8535944.299000000581145,"2",335.152008100000103,9.048937054305840,"9","0",29425.449079980320676,"7045","7046",975.408473527014280,"440"
"7046",233737.880600000004051,8535944.299000000581145,"2",335.152008100000103,9.048937054305840,"9","0",33756.136627721592959,"7046","7051",1259.396906249970243,"441"
"7048",234752.312999999994645,8532812.873999999836087,"7",332.782012899999984,9.019970205877256,"9","0",14020.236471030195389,"7043","7048",932.599129449170050,"442"
"7049",234739.939000000013039,8535193.101999999955297,"6",339.882995600000015,9.113397479581231,"9","0",30432.103481388716318,"7045","7049",1005.308059872054514,"443"
"7051",234746.939199999993434,8536697.877999998629093,"2",332.398010300000010,7.034681236714464,"9","0",33756.136627721592959,"7046","7051",1259.396906249970243,"444"
"7051",234746.939199999993434,8536697.877999998629093,"2",332.398010300000010,7.034681236714464,"9","0",28588.766585217708780,"7051","7054",1220.777068482573668,"445"
"7054",235738.209899999987101,8535985.361999999731779,"1",332.165008499999999,7.017823171425237,"9","0",28588.766585217708780,"7051","7054",1220.777068482573668,"446"
