X,Y,Population,Elevation,Weight,clusters,PS,line_lengt,id
211972.117399999988265,8527612.882999999448657,"2",415.759002699999996,3.240795288146238,"9","0",,"1"
212079.966699999989942,8528943.857999999076128,"0",392.740997300000004,4.766238595890526,"9","0",,"2"
212086.277899999986403,8529971.024000000208616,"0",384.544006299999978,6.018459987442312,"9","0",,"3"
213178.057999999989988,8522629.525000000372529,"11",467.994995099999983,7.037597828914055,"9","0",,"4"
213144.460200000001350,8523473.016000000759959,"9",456.089996300000053,7.087139402442556,"9","0",,"5"
212950.875000000000000,8524457.245999999344349,"6",441.585998500000017,9.029452392124741,"9","0",,"6"
212849.879400000005262,8525421.162999998778105,"2",438.454009999999982,7.019193517715950,"9","0",,"7"
212851.058300000004238,8526398.554999999701977,"8",427.855987500000026,7.036654777382847,"9","0",,"8"
212697.264399999985471,8527377.587999999523163,"5",481.071014400000024,4.663527138014085,"9","0",,"9"
212654.100700000009965,8528353.754000000655651,"5",409.779998799999987,1.000000000000000,"9","0",,"10"
212639.071100000001024,8529332.053999999538064,"0",393.601989699999990,1.000000000000000,"9","0",,"11"
212613.686799999995856,8530310.875000000000000,"0",387.304992700000014,4.143256679239196,"9","0",,"12"
212910.339799999987008,8530893.173000000417233,"0",379.425994899999978,4.665665908843353,"9","0",,"13"
214373.257899999996880,8518097.595000000670552,"0",937.557983400000012,6.452718292025888,"9","0",,"14"
214410.820700000011129,8520999.614000000059605,"0",508.609985399999857,9.101018938535070,"9","0",,"15"
214087.742800000007264,8521612.542999999597669,"0",530.864990199999966,9.213449351491141,"9","0",,"16"
213880.468599999992875,8522486.221000000834465,"0",598.138000499999976,9.268499506973304,"9","0",,"17"
213837.098700000002282,8523461.216000000014901,"0",580.619995099999983,7.403041419429343,"9","0",,"18"
213803.527299999987008,8524446.365000000223517,"0",460.278991700000006,9.033017016907262,"9","0",,"19"
213769.962599999998929,8525431.510999999940395,"4",448.097991900000011,7.044432742567331,"9","0",,"20"
213736.404700000013690,8526416.654999999329448,"8",434.957000699999980,7.050560067610808,"9","0",,"21"
213702.853600000002189,8527401.796000000089407,"0",429.864990200000022,7.061156622119429,"9","0",,"22"
213669.309199999988778,8528386.934000000357628,"0",398.634002699999996,7.022895336189313,"9","0",,"23"
213635.771600000007311,8529372.070000000298023,"0",408.878997799999979,6.345531379770822,"9","0",,"24"
213602.240699999994831,8530357.203999999910593,"0",413.921997100000056,3.860159162581532,"9","0",,"25"
213638.761700000002747,8531293.422000000253320,"12",391.213012699999979,3.050111653454765,"9","0",,"26"
215245.665899999992689,8518355.269999999552965,"0",935.333984399999963,1.000000000000000,"9","0",,"27"
215089.063800000003539,8520916.321000000461936,"0",551.633972200000017,9.182364140247568,"9","0",,"28"
214919.437899999989895,8521524.133999999612570,"0",724.757019000000014,9.653401390361873,"9","0",,"29"
214885.856700000003912,8522509.280999999493361,"0",859.731018100000028,9.158822124017783,"9","0",,"30"
214852.282199999986915,8523494.425000000745058,"0",622.033019999999965,7.230917399425325,"9","0",,"31"
214818.714399999997113,8524479.566999999806285,"2",476.765014600000143,9.062752453023196,"9","0",,"32"
214785.153400000010151,8525464.706000000238419,"0",462.429992700000014,7.035160723872442,"9","0",,"33"
214751.599099999992177,8526449.843000000342727,"0",488.541992199999981,7.535645509289623,"9","0",,"34"
214718.051500000001397,8527434.976999999955297,"0",420.239013699999987,7.026118476837653,"9","0",,"35"
214684.510600000008708,8528420.107999999076128,"0",412.190002400000026,7.033704805129576,"9","0",,"36"
214650.976499999989755,8529405.236999999731779,"0",425.032012899999984,7.027908579111550,"9","0",,"37"
214617.449200000002747,8530390.364000000059605,"2",392.717987100000016,9.052147989043780,"9","0",,"38"
214583.928500000009080,8531375.487999999895692,"0",418.140991199999974,5.649155213280813,"9","0",,"39"
216036.181299999996554,8518601.200999999418855,"0",928.952026400000022,4.279295696340754,"9","0",,"40"
216079.888600000005681,8519584.892000000923872,"0",853.859008799999970,9.468641699905401,"9","0",,"41"
216047.721599999989849,8520623.076999999582767,"0",640.469970700000204,9.517257105143770,"9","0",,"42"
215934.606999999989057,8521557.350999999791384,"0",869.697021500000005,9.037247014927914,"9","0",,"43"
215901.029500000004191,8522542.491000000387430,"0",857.257018999999900,9.091733103262634,"9","0",,"44"
215867.458600000012666,8523527.627999998629093,"12",569.085998500000187,7.300140599620212,"9","0",,"45"
215833.894499999994878,8524512.763000000268221,"2",673.437988299999802,7.278066845960715,"9","0",,"46"
215800.337100000004284,8525497.894999999552965,"0",527.401977500000044,7.359967598981160,"9","0",,"47"
215766.786300000007031,8526483.025000000372529,"0",470.821014400000024,9.273352444689461,"9","0",,"48"
215733.242300000012619,8527468.152000000700355,"0",435.819000200000005,9.049398059758461,"9","0",,"49"
215699.704999999987194,8528453.277000000700355,"0",423.877014200000019,7.060570775772523,"9","0",,"50"
215666.174399999988964,8529438.399000000208616,"0",443.576995800000134,9.121972999158576,"9","0",,"51"
215632.650499999988824,8530423.517999999225140,"0",474.824005100000022,9.327599867144595,"9","0",,"52"
215599.133299999986775,8531408.635999999940395,"0",527.995971700000041,9.201155693920573,"9","0",,"53"
217050.530599999998230,8518635.145999999716878,"0",1183.969970999999987,9.124505888360382,"9","0",,"54"
217016.936799999995856,8519620.287999998778105,"0",1174.099975999999970,7.147565896663838,"9","0",,"55"
216983.349599999986822,8520605.426000000908971,"0",1064.780029000000013,7.898382550178100,"9","0",,"56"
216949.769100000004983,8521590.562000000849366,"0",1054.569946000000073,7.356550361444249,"9","0",,"57"
216916.195199999987381,8522575.695000000298023,"0",891.307006799999954,7.430013236678455,"9","0",,"58"
216882.627999999996973,8523560.825999999418855,"0",568.362976099999969,9.309606175848236,"9","0",,"59"
216849.067500000004657,8524545.953999999910593,"0",814.887023900000031,7.065504071335353,"9","0",,"60"
216815.513700000010431,8525531.078999999910593,"0",710.229003899999952,7.318156328802884,"9","0",,"61"
216781.966500000009546,8526516.201999999582767,"0",565.312988299999802,9.268332527523937,"9","0",,"62"
216748.426100000011502,8527501.322000000625849,"0",480.820007299999986,9.187435436683502,"9","0",,"63"
216714.892300000006799,8528486.438999999314547,"0",590.333007800000019,9.533075048763166,"9","0",,"64"
216681.365200000000186,8529471.554999999701977,"4",528.107971200000179,9.431110033070659,"9","0",,"65"
216647.844799999991665,8530456.667000001296401,"0",641.020996100000048,9.509918243562140,"9","0",,"66"
216614.331100000010338,8531441.777999999001622,"0",645.114990200000193,9.449416794730826,"9","0",,"67"
218032.084399999992456,8519653.507000001147389,"0",1143.689941000000090,7.144096696297788,"9","0",,"68"
217998.500999999989290,8520638.639000000432134,"0",1151.630004999999983,7.270195707435883,"9","0",,"69"
217964.924100000003818,8521623.767000000923872,"0",1087.099975999999970,7.088581880954663,"9","0",,"70"
217931.353899999987334,8522608.893999999389052,"0",947.135986300000013,7.876229463895180,"9","0",,"71"
217897.790399999998044,8523594.017000000923872,"0",655.166992199999981,9.711695145540810,"9","0",,"72"
217864.233500000002095,8524579.138000000268221,"0",801.505981399999882,9.780822886061305,"9","0",,"73"
217830.683300000004238,8525564.257000001147389,"0",887.703979499999946,9.598991318129183,"9","0",,"74"
217797.139800000004470,8526549.372999999672174,"0",929.921997099999999,9.505507095312453,"9","0",,"75"
217763.602899999998044,8527534.485999999567866,"0",876.919982900000036,9.185604433049017,"9","0",,"76"
217730.072600000014063,8528519.597000000998378,"0",682.812988299999802,9.342575647423898,"9","0",,"77"
217696.548999999999069,8529504.705000000074506,"0",510.851013200000011,7.295639173537295,"9","0",,"78"
217663.032000000006519,8530489.811000000685453,"0",571.021972700000106,9.088454761466602,"9","0",,"79"
217629.521799999987707,8531474.913999998942018,"0",621.606994600000007,7.335989946287584,"9","0",,"80"
218980.072199999995064,8521656.967000000178814,"0",1083.250000000000000,10.300230874546477,"9","0",,"81"
218946.505700000008801,8522642.086000001057982,"0",695.137023900000031,9.337315133049270,"9","0",,"82"
218912.945799999986775,8523627.202999999746680,"0",688.510009799999807,9.272925060375973,"9","0",,"83"
218879.392599999991944,8524612.316999999806285,"0",1070.140014999999948,9.168073398474027,"9","0",,"84"
218845.845999999990454,8525597.428999999538064,"0",1078.319946000000073,9.120106299134356,"9","0",,"85"
218812.306000000011409,8526582.537999998778105,"0",1058.270019999999931,7.060316014820637,"9","0",,"86"
218778.772599999996601,8527567.643999999389052,"0",947.216980000000035,8.271445548833652,"9","0",,"87"
218745.245900000008987,8528552.747999999672174,"0",660.817993200000046,7.230316848624871,"9","0",,"88"
218711.725799999985611,8529537.848999999463558,"0",684.080993700000136,7.319845046788156,"9","0",,"89"
218678.212300000013784,8530522.947999998927116,"0",620.419006299999864,7.169804471370216,"9","0",,"90"
218644.705500000010943,8531508.044999999925494,"0",579.708984399999963,7.166816295841527,"9","0",,"91"
220062.358799999987241,8519719.927999999374151,"0",1115.920043999999962,7.166715310850719,"9","0",,"92"
220028.782700000010664,8520705.046000000089407,"0",1124.099975999999970,9.214789589809580,"9","0",,"93"
219995.213300000003073,8521690.161000000312924,"0",1133.219970999999987,9.166283811688340,"9","0",,"94"
219961.650499999988824,8522675.273000000044703,"0",1120.099975999999970,9.102867064833053,"9","0",,"95"
219928.094299999997020,8523660.382999999448657,"0",1083.920043999999962,9.132074490330336,"9","0",,"96"
219894.544699999998556,8524645.491000000387430,"0",1079.239990000000034,7.746370821297891,"9","0",,"97"
219861.001699999993434,8525630.595000000670552,"0",1054.959961000000021,9.144302935553128,"9","0",,"98"
219827.465200000006007,8526615.697000000625849,"0",1035.410033999999996,7.077422811679523,"9","0",,"99"
219793.935399999987567,8527600.797000000253320,"0",769.955993700000136,7.267851079048652,"9","0",,"100"
219760.412199999991572,8528585.893999999389052,"0",680.924987799999826,7.322650559828339,"9","0",,"101"
219726.895599999988917,8529570.987999999895692,"0",682.934997599999974,7.342128156409927,"9","0",,"102"
219693.385600000008708,8530556.080000000074506,"0",684.172973600000205,7.223767756400973,"9","0",,"103"
219659.882299999997485,8531541.169999999925494,"0",493.238006600000062,6.377243724635471,"9","0",,"104"
221111.064400000002934,8518768.015000000596046,"0",1087.859985000000052,7.234818071449225,"9","0",,"105"
221077.485500000009779,8519753.129000000655651,"0",1197.270019999999931,7.877080929998137,"9","0",,"106"
221043.913200000009965,8520738.240000000223517,"0",1061.420043999999962,7.167623366129618,"9","0",,"107"
221010.347500000003492,8521723.348999999463558,"0",1137.910033999999996,9.153087413183924,"9","0",,"108"
220976.788399999990361,8522708.453999999910593,"0",1100.849975999999970,9.063723092149420,"9","0",,"109"
220943.235799999994924,8523693.558000000193715,"0",1118.229980000000069,9.145281202342575,"9","0",,"110"
220909.689799999992829,8524678.657999999821186,"0",1111.119995000000017,7.171538853616549,"9","0",,"111"
220876.150400000013178,8525663.756000000983477,"0",851.447998000000098,7.557534828455942,"9","0",,"112"
220842.617599999997765,8526648.850999999791384,"0",786.031005899999968,7.530925604757942,"9","0",,"113"
220809.091300000000047,8527633.944000000134110,"0",672.153991700000006,7.440387034454602,"9","0",,"114"
220775.571599999995669,8528619.033999999985099,"0",546.307983400000012,7.109619602186482,"9","0",,"115"
220742.058500000013737,8529604.122000001370907,"0",617.456970200000001,7.391823070429759,"9","0",,"116"
220708.551999999996042,8530589.207000000402331,"0",508.648986799999989,7.391207038377032,"9","0",,"117"
220675.051999999996042,8531574.289999999105930,"0",463.510009799999978,4.674107306564078,"9","0",,"118"
222159.762199999997392,8517816.107999999076128,"0",995.783996600000023,7.458278362535004,"9","0",,"119"
222126.180599999992410,8518801.218000000342727,"0",675.317993200000046,7.938421712476718,"9","0",,"120"
222092.605400000000373,8519786.324999999254942,"0",675.578002900000001,7.373866098910645,"9","0",,"121"
222059.036900000006426,8520771.428999999538064,"0",1079.719970999999987,7.381721167857712,"9","0",,"122"
222025.474900000001071,8521756.530999999493361,"0",959.918029799999999,7.880302779614992,"9","0",,"123"
221991.919400000013411,8522741.630000000819564,"0",924.018005399999993,7.382215286413679,"9","0",,"124"
221958.370400000014342,8523726.725999999791384,"0",741.655029299999796,9.227417024082476,"9","0",,"125"
221924.828000000008615,8524711.820000000298023,"0",694.442016599999988,7.243622395668937,"9","0",,"126"
221891.292199999996228,8525696.911000000312924,"0",597.380981399999882,7.436784132378832,"9","0",,"127"
221857.762900000001537,8526681.998999999836087,"0",573.742004399999814,9.280131749054650,"9","0",,"128"
221824.240300000004936,8527667.085000000894070,"0",459.596984899999995,9.413691838682221,"9","0",,"129"
221790.724099999992177,8528652.168999999761581,"4",444.002990699999998,7.063929058695314,"9","0",,"130"
221757.214500000001863,8529637.248999999836087,"0",441.058990500000050,7.108990878230133,"9","0",,"131"
221723.711400000000140,8530622.327999999746680,"0",483.343994099999975,6.709904722073215,"9","0",,"132"
221690.214999999996508,8531607.403999999165535,"3",413.208007800000019,3.007083638691286,"9","0",,"133"
223174.867700000002515,8517849.311000000685453,"0",936.353027300000008,7.654599616732161,"9","0",,"134"
223141.289900000003399,8518834.413999998942018,"0",636.487976099999969,7.233646860719489,"9","0",,"135"
223107.718499999988126,8519819.515000000596046,"0",561.146972700000106,7.169575983898929,"9","0",,"136"
223074.153599999990547,8520804.611999999731779,"0",624.916992199999981,7.480947577528242,"9","0",,"137"
223040.595299999986310,8521789.707000000402331,"0",666.614990200000193,7.149877849662428,"9","0",,"138"
223007.043499999999767,8522774.799000000581145,"0",664.060974100000180,7.055199264663699,"9","0",,"139"
222973.498200000001816,8523759.889000000432134,"0",544.638000499999976,9.131762435396020,"9","0",,"140"
222939.959399999992456,8524744.975999999791384,"0",476.980987500000026,7.091720210692307,"9","0",,"141"
222906.427200000005541,8525730.060000000521541,"0",501.360992399999986,7.179836431472259,"9","0",,"142"
222872.901500000007218,8526715.142000000923872,"0",471.540985100000000,7.196963045367704,"9","0",,"143"
222839.382299999997485,8527700.221000000834465,"0",424.614013699999987,7.069404381512680,"9","0",,"144"
222805.869700000010198,8528685.297000000253320,"0",409.437988299999972,5.365615019170166,"9","0",,"145"
222772.363600000011502,8529670.370999999344349,"6",411.049011199999995,3.483140935753654,"9","0",,"146"
222738.864000000001397,8530655.442999999970198,"3",401.305999799999995,1.000000000000000,"9","0",,"147"
222705.371000000013737,8531640.512000000104308,"0",417.531005900000025,4.612953621885012,"9","0",,"148"
224223.547099999996135,8516897.410000000149012,"0",654.203002900000001,9.472276143138792,"9","0",,"149"
224189.966400000004796,8517882.508999999612570,"0",549.018005399999993,7.206329671513266,"9","0",,"150"
224156.392300000006799,8518867.605000000447035,"0",735.729980500000011,7.164621071102680,"9","0",,"151"
224122.824699999997392,8519852.698999999091029,"0",548.026000999999951,7.446126952058003,"9","0",,"152"
224089.263500000000931,8520837.788999998942018,"0",541.984008799999970,7.352630898772733,"9","0",,"153"
224055.708899999997811,8521822.877999998629093,"7",509.661010700000020,7.163986234790702,"9","0",,"154"
224022.160700000007637,8522807.962999999523163,"0",484.106994600000064,7.359743747512783,"9","0",,"155"
223988.619100000010803,8523793.046000000089407,"9",434.046997099999999,9.139398934349707,"9","0",,"156"
223955.083899999997811,8524778.126000000163913,"0",426.333007800000019,7.117705188636268,"9","0",,"157"
223921.555300000007264,8525763.202999999746680,"0",419.683013899999935,7.051601692604033,"9","0",,"158"
223888.033100000000559,8526748.277999999001622,"0",415.196991000000025,5.452548941605418,"9","0",,"159"
223854.517499999987194,8527733.350999999791384,"0",409.822997999999984,4.166947396347155,"9","0",,"160"
223821.008399999991525,8528718.421000000089407,"0",392.018005399999993,2.794849763119517,"9","0",,"161"
223787.505700000008801,8529703.487999999895692,"0",395.191009500000007,5.099095833440300,"9","0",,"162"
223754.009699999995064,8530688.552999999374151,"3",414.101989699999990,6.039250238638372,"9","0",,"163"
223720.520099999994272,8531673.615000000223517,"0",387.795013400000016,7.030032183763153,"9","0",,"164"
225238.635199999989709,8516930.607999999076128,"0",925.125000000000000,9.648311343139216,"9","0",,"165"
225205.058300000004238,8517915.699999999254942,"0",575.603027299999894,7.265933464041120,"9","0",,"166"
225171.487900000007357,8518900.789999999105930,"0",546.369995099999983,9.088410798423840,"9","0",,"167"
225137.923999999999069,8519885.877000000327826,"0",501.605011000000104,9.415187532277010,"9","0",,"168"
225104.366600000008475,8520870.961000001057982,"4",471.739990200000022,9.027410551694610,"9","0",,"169"
225070.815600000001723,8521856.042000001296401,"7",461.437988299999972,7.022015992664640,"9","0",,"170"
225037.271100000012666,8522841.120999999344349,"5",442.529998799999987,7.042198413636268,"9","0",,"171"
225003.733100000012200,8523826.197000000625849,"4",420.057006800000011,7.020274958450142,"9","0",,"172"
224970.201600000000326,8524811.269999999552965,"0",405.166992199999981,6.704803939734155,"9","0",,"173"
224936.676500000001397,8525796.341000000014901,"0",395.299987799999997,4.888818581566563,"9","0",,"174"
224903.157999999995809,8526781.408999999985099,"2",393.671997100000056,2.869832479405032,"9","0",,"175"
224869.645900000003166,8527766.474999999627471,"0",381.489013699999987,4.897218506006785,"9","0",,"176"
224836.140199999994365,8528751.537999998778105,"0",375.420990000000018,6.648144908718598,"9","0",,"177"
224802.641100000008009,8529736.598999999463558,"0",374.964996299999996,7.044962516794118,"9","0",,"178"
224769.148500000010245,8530721.656999999657273,"0",382.654998799999987,7.055559802498393,"9","0",,"179"
224735.662400000001071,8531706.712999999523163,"0",380.937011700000028,7.038977849730816,"9","0",,"180"
226253.716400000004796,8516963.800000000745058,"0",922.172973599999978,9.292786573087332,"9","0",,"181"
226220.143400000000838,8517948.885999999940395,"0",593.333007800000019,9.312746444906226,"9","0",,"182"
226186.576800000009825,8518933.969000000506639,"0",483.157012899999984,7.039654641037768,"9","0",,"183"
226153.016600000002654,8519919.049000000581145,"0",484.048004199999866,9.190873090354087,"9","0",,"184"
226119.462900000013178,8520904.126000000163913,"0",453.055999799999995,9.037625327261699,"9","0",,"185"
226085.915600000007544,8521889.200999999418855,"2",443.376007099999981,7.051295831162803,"9","0",,"186"
226052.374699999985751,8522874.273000000044703,"0",432.388000499999976,6.890568780126118,"9","0",,"187"
226018.840399999986403,8523859.342000000178814,"0",420.822997999999984,3.314030108400267,"9","0",,"188"
225985.312500000000000,8524844.408999999985099,"3",412.799987799999997,1.000000000000000,"9","0",,"189"
225951.791000000026543,8525829.472999999299645,"0",388.023010300000010,5.760139384830637,"9","0",,"190"
225918.276000000012573,8526814.535000000149012,"0",384.803985599999976,7.989830646886102,"9","0",,"191"
225884.767400000011548,8527799.594000000506639,"0",390.662994400000002,9.101748483344506,"9","0",,"192"
225851.265299999999115,8528784.650000000372529,"0",380.958007800000019,9.048414915807683,"9","0",,"193"
225817.769700000004377,8529769.703999999910593,"0",369.169006299999978,7.038013277631824,"9","0",,"194"
227235.221699999994598,8517982.065999999642372,"0",708.380981399999882,9.431232997484074,"9","0",,"195"
227201.658800000004703,8518967.142000000923872,"0",555.296020500000054,9.231130974365188,"9","0",,"196"
227168.102400000003399,8519952.214999999850988,"0",472.355987500000026,7.248505354993237,"9","0",,"197"
227134.552399999985937,8520937.286000000312924,"0",443.934997599999974,7.013578023885070,"9","0",,"198"
227101.008800000010524,8521922.354000000283122,"0",430.420990000000018,7.046889006386722,"9","0",,"199"
227067.471599999989849,8522907.418999999761581,"0",427.054992700000014,3.844658617991629,"9","0",,"200"
227033.940899999986868,8523892.482000000774860,"0",408.667999300000020,4.105503403357233,"9","0",,"201"
227000.416499999992084,8524877.542000001296401,"0",395.878997799999979,8.978491583692019,"9","0",,"202"
226966.898699999990640,8525862.598999999463558,"0",453.121002200000021,9.240375924134877,"9","0",,"203"
226933.387199999997392,8526847.653999999165535,"0",411.074005100000022,9.224625785102175,"9","0",,"204"
226899.882199999992736,8527832.707000000402331,"0",446.765014600000143,9.223376022924095,"9","0",,"205"
226866.383600000001024,8528817.756000000983477,"0",514.711975100000018,9.917792899742359,"9","0",,"206"
226832.891499999997905,8529802.803999999538064,"0",382.316009500000007,7.075547848614919,"9","0",,"207"
228250.293299999990268,8518015.239000000059605,"0",1058.520019999999931,9.193819417609358,"9","0",,"208"
228216.734200000006240,8519000.309000000357628,"0",683.169982900000036,9.404347726445190,"9","0",,"209"
228183.181500000006054,8519985.376000000163913,"0",508.915008499999999,7.099872237710008,"9","0",,"210"
228149.635199999989709,8520970.439999999478459,"0",450.226989699999990,7.027736160889301,"9","0",,"211"
228116.095200000010664,8521955.501000000163913,"0",441.760986300000013,6.619439033535532,"9","0",,"212"
228082.561699999991106,8522940.560000000521541,"0",427.955993700000022,1.000000000000000,"9","0",,"213"
228049.034600000013597,8523925.616000000387430,"0",404.526001000000008,5.606003236432231,"9","0",,"214"
228015.513899999990826,8524910.668999999761581,"0",539.815002400000026,9.472509343721297,"9","0",,"215"
227981.999600000010105,8525895.720000000670552,"0",705.234985399999800,9.424760640720656,"9","0",,"216"
227948.491700000013225,8526880.767999999225140,"0",611.607971200000179,9.388579962337566,"9","0",,"217"
227914.990200000000186,8527865.813999999314547,"0",676.018981899999972,9.118429650759424,"9","0",,"218"
227881.495100000000093,8528850.857000000774860,"0",460.507995600000015,9.163469350844816,"9","0",,"219"
210626.008600000001024,8542706.291000001132488,"0",323.289001500000097,7.081936091188756,"9","0",,"220"
211495.616399999998976,8537380.088999999687076,"0",351.671997100000056,7.040185850775321,"9","0",,"221"
211405.408100000000559,8538069.328999999910593,"0",343.618988000000002,7.054056956095152,"9","0",,"222"
211507.592899999988731,8539125.982000000774860,"5",339.139007600000014,7.082829674165633,"9","0",,"223"
211488.174599999998463,8539810.313999999314547,"6",339.446014400000024,7.020030043721754,"9","0",,"224"
211237.650699999998324,8542423.104000000283122,"0",325.928985600000090,7.094196570834268,"9","0",,"225"
211253.585400000010850,8542953.622999999672174,"8",334.628997800000093,7.036999358090008,"9","0",,"226"
211594.655900000012480,8543638.426000000908971,"0",322.304992700000014,7.037781011881259,"9","0",,"227"
212922.014100000000326,8534736.100999999791384,"0",357.307006800000011,3.909547267151768,"9","0",,"228"
212581.511700000002747,8535391.513000000268221,"15",358.966003399999977,5.661229840420384,"9","0",,"229"
212589.577199999999721,8536258.083999998867512,"6",361.760986300000013,7.036113091765833,"9","0",,"230"
212403.935300000011921,8537272.968000000342727,"6",357.680999799999995,7.029358322814101,"9","0",,"231"
212318.994700000010198,8538205.075999999418855,"0",359.015991199999974,7.012095376221550,"9","0",,"232"
212285.521399999997811,8539190.195000000298023,"3",351.093994100000089,7.018252951455596,"9","0",,"233"
212324.669200000003912,8540134.667999999597669,"10",347.608001699999988,7.032716978843599,"9","0",,"234"
212377.895799999998417,8541135.542000001296401,"13",338.191986100000008,7.019095213620937,"9","0",,"235"
212208.296200000011595,8542182.232999999076128,"1",339.540985100000000,7.038770244617835,"9","0",,"236"
212151.696499999990920,8543130.651000000536442,"0",340.382995600000015,7.045962033376036,"9","0",,"237"
212356.128300000011222,8544018.300000000745058,"3",324.854003900000009,9.068095593347410,"9","0",,"238"
212543.249000000010710,8544657.816999999806285,"9",325.765991199999974,9.024862406162050,"9","0",,"239"
213872.879699999990407,8532317.338999999687076,"4",367.726989699999990,2.700299718979266,"9","0",,"240"
213652.594799999991665,8533385.883999999612570,"2",374.040008499999999,2.614861650149572,"9","0",,"241"
213529.369100000010803,8534300.793999999761581,"22",368.319000200000005,3.360782064918712,"9","0",,"242"
213434.687800000014249,8535282.835000000894070,"7",381.329009999999982,1.000000000000000,"9","0",,"243"
213401.197500000009313,8536267.953999999910593,"0",378.244995099999983,7.032472118178600,"9","0",,"244"
213367.714000000007218,8537253.071000000461936,"0",376.674987799999997,7.020016240361562,"9","0",,"245"
213334.237200000003213,8538238.186000000685453,"0",371.062011700000028,7.035688683130353,"9","0",,"246"
213300.767300000006799,8539223.298000000417233,"0",348.023010300000010,7.098073630331173,"9","0",,"247"
213267.304100000008475,8540208.407999999821186,"0",332.471008299999994,7.048983325500663,"9","0",,"248"
213233.847600000008242,8541193.516000000759959,"0",337.118988000000002,7.022959211825138,"9","0",,"249"
213200.397999999986496,8542178.622000001370907,"0",345.614013699999987,7.066085576907855,"9","0",,"250"
213166.955199999996694,8543163.724999999627471,"0",341.307006800000011,7.124583376841179,"9","0",,"251"
213133.497200000012526,8544148.373999999836087,"5",347.640991199999974,7.076045015986375,"9","0",,"252"
214550.414599999989150,8532360.609999999403954,"6",374.419006299999978,4.513837657134461,"9","0",,"253"
214516.907399999996414,8533345.729000000283122,"0",383.662994400000002,5.924669023351308,"9","0",,"254"
214483.407000000006519,8534330.846000000834465,"0",426.346008300000051,5.582957541495485,"9","0",,"255"
214449.913299999985611,8535315.960000000894070,"0",403.819000200000005,3.271027919248928,"9","0",,"256"
214416.426299999991897,8536301.072000000625849,"0",381.175994899999978,7.038599211850178,"9","0",,"257"
214382.946100000001024,8537286.182000000029802,"0",360.864990200000022,7.059491691018790,"9","0",,"258"
214349.472700000012992,8538271.289999999105930,"0",363.070007299999986,9.016518426547087,"9","0",,"259"
214316.005999999993946,8539256.394999999552965,"0",364.114990200000022,7.019809150979844,"9","0",,"260"
214282.546000000002095,8540241.497999999672174,"0",363.274993900000027,7.070769179478954,"9","0",,"261"
214249.092800000013085,8541226.598999999463558,"0",343.743011500000023,7.035528747989688,"9","0",,"262"
214215.646399999997811,8542211.697999998927116,"0",355.337005600000055,7.031894432537380,"9","0",,"263"
214182.206700000009732,8543196.794999999925494,"0",344.962005600000055,7.055421001540222,"9","0",,"264"
214148.773699999990640,8544181.889000000432134,"0",350.227996800000028,7.051883752132344,"9","0",,"265"
214115.347600000008242,8545166.981000000610948,"0",346.451995800000020,7.086208598335843,"9","0",,"266"
215565.622800000011921,8532393.750000000000000,"0",397.861999500000024,7.069369430853120,"9","0",,"267"
215532.119100000010803,8533378.862999999895692,"0",395.695007299999986,9.087459932071644,"9","0",,"268"
215498.622000000003027,8534363.972000000998378,"0",397.549987799999997,8.960349564951349,"9","0",,"269"
215465.131599999993341,8535349.080000000074506,"0",387.184997599999974,2.701688363830783,"9","0",,"270"
215431.648099999991246,8536334.185000000521541,"0",370.674011199999995,5.142590065945833,"9","0",,"271"
215398.171200000011595,8537319.287999998778105,"0",362.640014599999972,7.052257631640954,"9","0",,"272"
215364.701100000005681,8538304.389000000432134,"0",375.914001499999983,7.044048581075388,"9","0",,"273"
215331.237599999993108,8539289.486999999731779,"0",369.845001200000013,9.019925483852576,"9","0",,"274"
215297.780900000012480,8540274.582999998703599,"0",362.053008999999975,7.048638637337143,"9","0",,"275"
215264.330900000000838,8541259.677000001072884,"0",351.075988800000005,7.031187288407576,"9","0",,"276"
215230.887699999992037,8542244.768999999389052,"0",363.610992399999986,7.019669407183988,"9","0",,"277"
215197.451100000005681,8543229.858999999240041,"0",362.377014200000019,7.040752671994913,"9","0",,"278"
215164.021299999993062,8544214.946000000461936,"0",368.075012200000003,7.015179090575867,"9","0",,"279"
215130.598200000007637,8545200.030999999493361,"0",350.648010300000010,7.077589285479501,"9","0",,"280"
216580.823999999993248,8532426.884999999776483,"0",531.812988300000029,9.491678115538354,"9","0",,"281"
216547.323600000003353,8533411.991000000387430,"0",498.985992399999986,7.363410175477654,"9","0",,"282"
216513.829999999987194,8534397.094000000506639,"0",469.494995099999983,7.333961624578611,"9","0",,"283"
216480.342999999993481,8535382.194000000134110,"0",428.454009999999982,6.074292175970514,"9","0",,"284"
216446.862800000002608,8536367.292999999597669,"0",391.200988800000005,1.000000000000000,"9","0",,"285"
216413.389200000005076,8537352.389000000432134,"0",369.686004599999990,5.383146829365670,"9","0",,"286"
216379.922300000005635,8538337.482000000774860,"0",379.061004599999990,7.032307966435162,"9","0",,"287"
216346.462100000004284,8539322.573999999091029,"0",372.274993900000027,7.048083709286648,"9","0",,"288"
216313.008600000001024,8540307.662999998778105,"0",381.182006800000011,7.046378750966943,"9","0",,"289"
216279.561900000000605,8541292.750000000000000,"0",386.446014400000024,7.036564558261238,"9","0",,"290"
216246.121799999993527,8542277.835000000894070,"0",378.970001200000013,7.090599086704827,"9","0",,"291"
216212.688400000013644,8543262.917000001296401,"0",381.748992900000019,7.040961156018811,"9","0",,"292"
216179.261800000007497,8544247.997999999672174,"0",371.811004599999990,7.034823676093737,"9","0",,"293"
217596.018199999991339,8532460.015000000596046,"0",521.723999000000049,7.203603009351500,"9","0",,"294"
217562.521199999988312,8533445.112999999895692,"0",437.721008300000051,9.085676223223246,"9","0",,"295"
217529.030900000012480,8534430.208999998867512,"0",412.420013400000016,7.147116258150300,"9","0",,"296"
217495.547300000005635,8535415.302999999374151,"0",386.480987500000026,1.000000000000000,"9","0",,"297"
217462.070399999996880,8536400.393999999389052,"0",383.553008999999975,4.134427315910425,"9","0",,"298"
217428.600100000010571,8537385.483999999240041,"0",368.941009500000007,6.730712154421273,"9","0",,"299"
217395.136499999993248,8538370.570000000298023,"0",374.520996099999991,7.037895779563176,"9","0",,"300"
217361.679600000003120,8539355.654999999329448,"0",358.654998799999987,9.073388884505745,"9","0",,"301"
217328.229400000011083,8540340.736999999731779,"0",368.302002000000016,7.049134394731152,"9","0",,"302"
217294.785800000012387,8541325.816999999806285,"0",363.891998300000012,7.113308041748956,"9","0",,"303"
217261.348900000011781,8542310.894999999552965,"0",384.221008299999994,7.007561040339283,"9","0",,"304"
217227.918700000009267,8543295.971000000834465,"0",369.027008100000103,7.056373857840367,"9","0",,"305"
217194.495200000004843,8544281.043999999761581,"0",362.106994600000064,7.020962948922278,"9","0",,"306"
218611.205300000001444,8532493.139000000432134,"0",587.349975599999993,6.141321120968425,"9","0",,"307"
218577.711799999990035,8533478.230000000447035,"0",412.313995400000010,5.084130502704703,"9","0",,"308"
218544.224900000001071,8534463.319000000134110,"10",438.682006800000011,5.685707414703431,"9","0",,"309"
218510.744600000005448,8535448.405999999493361,"0",383.726013200000011,5.921002330438657,"9","0",,"310"
218477.271000000007916,8536433.491000000387430,"0",383.615997300000004,7.033222718961817,"9","0",,"311"
218443.804000000003725,8537418.572999998927116,"0",372.233001699999988,7.059354371198809,"9","0",,"312"
218410.343699999997625,8538403.652999999001622,"0",358.653991700000006,7.059795299018228,"9","0",,"313"
218376.890099999989616,8539388.731000000610948,"0",346.963989300000094,7.034960432218782,"9","0",,"314"
218343.443100000004051,8540373.805999999865890,"0",349.046997100000056,7.030860876726908,"9","0",,"315"
218310.002700000011828,8541358.879000000655651,"0",364.501007099999981,7.037661700884348,"9","0",,"316"
218276.568999999988591,8542343.949999999254942,"0",359.015991199999974,9.050165928739476,"9","0",,"317"
218243.141999999992549,8543329.018999999389052,"0",372.243988000000002,7.026505422186239,"9","0",,"318"
219626.385500000003958,8532526.257000001147389,"3",445.036987300000021,2.614782870269878,"9","0",,"319"
219592.895400000008522,8533511.342000000178814,"3",457.186004599999990,6.615765587537772,"9","0",,"320"
219559.411900000006426,8534496.424000000581145,"0",379.372009300000059,9.041945085734794,"9","0",,"321"
219492.464700000011362,8536466.582000000402331,"0",366.403015100000005,7.054605947139780,"9","0",,"322"
219459.000999999989290,8537451.656999999657273,"0",361.906005900000025,7.056659418966086,"9","0",,"323"
219425.543999999994412,8538436.730000000447035,"0",361.085998500000017,7.055167784895393,"9","0",,"324"
220641.558699999994133,8532559.369999999180436,"0",419.687011700000028,4.536009763570140,"9","0",,"325"
220608.071999999985565,8533544.447999998927116,"0",601.698974600000042,9.331234697688259,"9","0",,"326"
220574.591799999994691,8534529.523000000044703,"0",425.890991199999974,9.347647772602773,"9","0",,"327"
220541.118300000001909,8535514.596000000834465,"0",359.765014600000086,7.031956835623872,"9","0",,"328"
220507.651400000002468,8536499.667000001296401,"0",375.665985100000000,7.192104162294710,"9","0",,"329"
221656.725100000010571,8532592.476999999955297,"0",428.799011199999995,5.718705371733750,"9","0",,"330"
221623.241700000013225,8533577.548000000417233,"0",383.804992700000014,7.088054278376809,"9","0",,"331"
221589.764900000009220,8534562.617000000551343,"0",438.109985399999857,7.217463086500139,"9","0",,"332"
221556.294699999998556,8535547.683000000193715,"0",346.489990200000022,7.057169736020306,"9","0",,"333"
222671.884499999985565,8532625.578999999910593,"0",404.005004900000017,7.178774146930420,"9","0",,"334"
222638.404500000004191,8533610.642999999225140,"0",383.006011999999998,7.043535349934134,"9","0",,"335"
222604.931099999987055,8534595.705000000074506,"0",356.106994600000064,7.053458323026812,"9","0",,"336"
223687.037000000011176,8532658.675000000745058,"0",389.955993700000022,7.058544703507581,"9","0",,"337"
212697.264399999985471,8527377.587999999523163,"5",481.071014400000024,4.663527138014085,"9","1",977.119831216160946,"338"
212697.264399999985471,8527377.587999999523163,"5",481.071014400000024,4.663527138014085,"9","1",1415.346174465286367,"339"
212654.100700000009965,8528353.754000000655651,"5",409.779998799999987,1.000000000000000,"9","1",977.119831216160946,"340"
212654.100700000009965,8528353.754000000655651,"5",409.779998799999987,1.000000000000000,"9","1",978.415442884040772,"341"
212639.071100000001024,8529332.053999999538064,"0",393.601989699999990,1.000000000000000,"9","1",978.415442884040772,"342"
212639.071100000001024,8529332.053999999538064,"0",393.601989699999990,1.000000000000000,"9","1",1406.637195891290276,"343"
213736.404700000013690,8526416.654999999329448,"8",434.957000699999980,7.050560067610808,"9","1",1415.346174465286367,"344"
213736.404700000013690,8526416.654999999329448,"8",434.957000699999980,7.050560067610808,"9","1",1416.361795005411750,"345"
213602.240699999994831,8530357.203999999910593,"0",413.921997100000056,3.860159162581532,"9","1",1406.637195891290276,"346"
213602.240699999994831,8530357.203999999910593,"0",413.921997100000056,3.860159162581532,"9","1",936.930054468124354,"347"
213638.761700000002747,8531293.422000000253320,"12",391.213012699999979,3.050111653454765,"9","1",936.930054468124354,"348"
213638.761700000002747,8531293.422000000253320,"12",391.213012699999979,3.050111653454765,"9","1",1403.567325574577580,"349"
214818.714399999997113,8524479.566999999806285,"2",476.765014600000143,9.062752453023196,"9","1",985.710500117986271,"350"
214785.153400000010151,8525464.706000000238419,"0",462.429992700000014,7.035160723872442,"9","1",1416.361795005411750,"351"
214785.153400000010151,8525464.706000000238419,"0",462.429992700000014,7.035160723872442,"9","1",985.710500117986271,"352"
212589.577199999999721,8536258.083999998867512,"6",361.760986300000013,7.036113091765833,"9","1",1031.723048349022747,"353"
212589.577199999999721,8536258.083999998867512,"6",361.760986300000013,7.036113091765833,"9","1",1290.473765029507149,"354"
212403.935300000011921,8537272.968000000342727,"6",357.680999799999995,7.029358322814101,"9","1",1031.723048349022747,"355"
212403.935300000011921,8537272.968000000342727,"6",357.680999799999995,7.029358322814101,"9","1",935.970207426837874,"356"
212318.994700000010198,8538205.075999999418855,"0",359.015991199999974,7.012095376221550,"9","1",935.970207426837874,"357"
212318.994700000010198,8538205.075999999418855,"0",359.015991199999974,7.012095376221550,"9","1",985.687529583094147,"358"
212285.521399999997811,8539190.195000000298023,"3",351.093994100000089,7.018252951455596,"9","1",985.687529583094147,"359"
212285.521399999997811,8539190.195000000298023,"3",351.093994100000089,7.018252951455596,"9","1",945.283977422931684,"360"
212324.669200000003912,8540134.667999999597669,"10",347.608001699999988,7.032716978843599,"9","1",945.283977422931684,"361"
213652.594799999991665,8533385.883999999612570,"2",374.040008499999999,2.614861650149572,"9","1",923.171100739596341,"362"
213652.594799999991665,8533385.883999999612570,"2",374.040008499999999,2.614861650149572,"9","1",1362.815896718431759,"363"
213529.369100000010803,8534300.793999999761581,"22",368.319000200000005,3.360782064918712,"9","1",923.171100739596341,"364"
213529.369100000010803,8534300.793999999761581,"22",368.319000200000005,3.360782064918712,"9","1",986.594685903443178,"365"
213434.687800000014249,8535282.835000000894070,"7",381.329009999999982,1.000000000000000,"9","1",1290.473765029507149,"366"
213434.687800000014249,8535282.835000000894070,"7",381.329009999999982,1.000000000000000,"9","1",986.594685903443178,"367"
213434.687800000014249,8535282.835000000894070,"7",381.329009999999982,1.000000000000000,"9","1",1015.765761125660219,"368"
214550.414599999989150,8532360.609999999403954,"6",374.419006299999978,4.513837657134461,"9","1",1403.567325574577580,"369"
214550.414599999989150,8532360.609999999403954,"6",374.419006299999978,4.513837657134461,"9","1",1362.815896718431759,"370"
214449.913299999985611,8535315.960000000894070,"0",403.819000200000005,3.271027919248928,"9","1",1015.765761125660219,"371"
214449.913299999985611,8535315.960000000894070,"0",403.819000200000005,3.271027919248928,"9","1",1015.758401912015415,"372"
215465.131599999993341,8535349.080000000074506,"0",387.184997599999974,2.701688363830783,"9","1",1015.758401912015415,"373"
215465.131599999993341,8535349.080000000074506,"0",387.184997599999974,2.701688363830783,"9","1",1414.409368754847947,"374"
216446.862800000002608,8536367.292999999597669,"0",391.200988800000005,1.000000000000000,"9","1",1414.409368754847947,"375"
216446.862800000002608,8536367.292999999597669,"0",391.200988800000005,1.000000000000000,"9","1",1416.341816314367634,"376"
217495.547300000005635,8535415.302999999374151,"0",386.480987500000026,1.000000000000000,"9","1",1416.341816314367634,"377"
217495.547300000005635,8535415.302999999374151,"0",386.480987500000026,1.000000000000000,"9","1",1015.736858904065457,"378"
218510.744600000005448,8535448.405999999493361,"0",383.726013200000011,5.921002330438657,"9","1",1015.736858904065457,"379"
218510.744600000005448,8535448.405999999493361,"0",383.726013200000011,5.921002330438657,"9","1",1414.375028668801406,"380"
219492.464700000011362,8536466.582000000402331,"0",366.403015100000005,7.054605947139780,"9","1",1414.375028668801406,"381"
