Unnamed_ 0,ID,X,Y,Population,Elevation,Weight,clusters,ID1,ID2,Weight_2,id_2,line_lengt,i
"87","88",195197.624299999995856,8444913.533999999985099,"0",504.729003900000009,5.995234621508643,"0","88","89",46204.000000000000000,,986.173811958843999,"1"
"88","89",195163.406599999987520,8445899.114000000059605,"33",479.463012699999979,3.372127454025009,"0","88","89",46204.000000000000000,,986.173811958843999,"2"
"88","89",195163.406599999987520,8445899.114000000059605,"33",479.463012699999979,3.372127454025009,"0","89","90",21578.000000000000000,,986.169564570466491,"3"
"89","90",195129.196100000001024,8446884.689999999478459,"0",522.658019999999965,1.000000000000000,"0","89","90",21578.000000000000000,,986.169564570466491,"4"
"89","90",195129.196100000001024,8446884.689999999478459,"0",522.658019999999965,1.000000000000000,"0","90","514",41624.000000000000000,,1416.502212720769421,"5"
"281","282",184773.541399999987334,8452459.023000000044703,"2",428.933990500000050,6.226494851612074,"0","309","282",63179.000000000000000,,1416.593323741368522,"6"
"308","309",185822.846799999999348,8451507.343000000342727,"0",463.359985399999857,2.690849425085057,"0","344","309",32219.000000000000000,,1015.642449210850373,"7"
"308","309",185822.846799999999348,8451507.343000000342727,"0",463.359985399999857,2.690849425085057,"0","309","282",63179.000000000000000,,1416.593323741368522,"8"
"343","344",186837.922099999996135,8451541.279999999329448,"0",474.799987800000054,3.653382974550681,"0","381","344",40632.000000000000000,,1015.634519632867409,"9"
"343","344",186837.922099999996135,8451541.279999999329448,"0",474.799987800000054,3.653382974550681,"0","344","309",32219.000000000000000,,1015.642449210850373,"10"
"380","381",187852.989700000005541,8451575.210000000894070,"0",464.996002200000021,4.347716063990362,"0","418","381",40954.000000000000000,,1015.626656643085880,"11"
"380","381",187852.989700000005541,8451575.210000000894070,"0",464.996002200000021,4.347716063990362,"0","381","344",40632.000000000000000,,1015.634519632867409,"12"
"417","418",188868.049700000003213,8451609.132000001147389,"0",467.467010500000129,3.717203487353371,"0","437","418",52159.000000000000000,,1416.553753940566821,"13"
"417","418",188868.049700000003213,8451609.132000001147389,"0",467.467010500000129,3.717203487353371,"0","418","381",40954.000000000000000,,1015.626656643085880,"14"
"436","437",189917.304399999993620,8450657.455000000074506,"0",468.204009999999982,3.647073301434595,"0","456","437",46788.000000000000000,,1416.543294386726529,"15"
"436","437",189917.304399999993620,8450657.455000000074506,"0",468.204009999999982,3.647073301434595,"0","437","418",52159.000000000000000,,1416.553753940566821,"16"
"455","456",190966.547699999995530,8449705.780999999493361,"0",450.201995800000134,2.958397654524149,"0","475","456",44641.000000000000000,,1416.532834853752547,"17"
"455","456",190966.547699999995530,8449705.780999999493361,"0",450.201995800000134,2.958397654524149,"0","456","437",46788.000000000000000,,1416.543294386726529,"18"
"474","475",192015.779600000008941,8448754.109999999403954,"0",481.520996099999991,3.342953818428252,"0","495","475",30076.000000000000000,,1015.579515630178435,"19"
"474","475",192015.779600000008941,8448754.109999999403954,"0",481.520996099999991,3.342953818428252,"0","475","456",44641.000000000000000,,1416.532834853752547,"20"
"494","495",193030.792699999990873,8448788.024000000208616,"0",491.923004199999866,2.579788738568118,"0","514","495",52805.000000000000000,,1416.513344015980465,"21"
"494","495",193030.792699999990873,8448788.024000000208616,"0",491.923004199999866,2.579788738568118,"0","495","475",30076.000000000000000,,1015.579515630178435,"22"
"513","514",194080.000100000004750,8447836.355000000447035,"0",493.713989299999980,4.875914491796007,"0","90","514",41624.000000000000000,,1416.502212720769421,"23"
"513","514",194080.000100000004750,8447836.355000000447035,"0",493.713989299999980,4.875914491796007,"0","514","495",52805.000000000000000,,1416.513344015980465,"24"
"3681","3682",199113.728499999997439,8508183.212999999523163,"0",893.864013699999987,6.056271229268114,"8","3740","3682",54590.000000000000000,,1015.783991623814472,"25"
"3739","3740",200128.962999999988824,8508216.619999999180436,"0",751.827026399999795,4.588564977587410,"8","3797","3740",60054.000000000000000,,1414.588853022060448,"26"
"3739","3740",200128.962999999988824,8508216.619999999180436,"0",751.827026399999795,4.588564977587410,"8","3740","3682",54590.000000000000000,,1015.783991623814472,"27"
"3796","3797",201110.465200000006007,8509235.302999999374151,"6",809.370971700000041,3.895093161946463,"8","3852","3797",44988.000000000000000,,1015.772539897934848,"28"
"3796","3797",201110.465200000006007,8509235.302999999374151,"6",809.370971700000041,3.895093161946463,"8","3797","3740",60054.000000000000000,,1414.588853022060448,"29"
"3851","3852",202125.688900000008289,8509268.689999999478459,"6",785.221008299999994,4.960384272634358,"8","3905","3852",101380.000000000000000,,1416.457943889353828,"30"
"3851","3852",202125.688900000008289,8509268.689999999478459,"6",785.221008299999994,4.960384272634358,"8","3852","3797",44988.000000000000000,,1015.772539897934848,"31"
"3904","3905",203174.621899999998277,8508316.801000000908971,"0",875.435974100000180,9.325346411523102,"8","3905","3852",101380.000000000000000,,1416.457943889353828,"32"
"4035","4036",207031.198899999988498,8484770.050000000745058,"7",667.960998500000187,9.283745687567114,"2","4036","4085",93517.435869351014844,0.000000000000000,1015.632794107203722,"33"
"4047","4048",206625.209800000011455,8496593.722999999299645,"2",887.612976099999969,7.103533555626403,"2","4048","4096",101107.495135719640530,0.000000000000000,1416.411561830412211,"34"
"4084","4085",208046.277899999986403,8484803.585000000894070,"14",634.877990700000055,9.122092021030678,"2","4036","4085",93517.435869351014844,0.000000000000000,1015.632794107203722,"35"
"4084","4085",208046.277899999986403,8484803.585000000894070,"14",634.877990700000055,9.122092021030678,"2","4085","4133",94029.069027548219310,0.000000000000000,1015.625433857656049,"36"
"4095","4096",207674.132799999992130,8495641.892000000923872,"19",916.202026400000022,7.170129351016529,"2","4048","4096",101107.495135719640530,0.000000000000000,1416.411561830412211,"37"
"4095","4096",207674.132799999992130,8495641.892000000923872,"19",916.202026400000022,7.170129351016529,"2","4096","4143",57865.930328225476842,0.000000000000000,1416.402880886332696,"38"
"4132","4133",209061.349799999996321,8484837.111999999731779,"0",770.560974100000180,9.231334263926444,"2","4085","4133",94029.069027548219310,0.000000000000000,1015.625433857656049,"39"
"4132","4133",209061.349799999996321,8484837.111999999731779,"0",770.560974100000180,9.231334263926444,"2","4133","4180",98774.498267651564674,0.000000000000000,1015.618039731032923,"40"
"4142","4143",208723.046800000010990,8494690.063999999314547,"16",934.742004400000042,1.000000000000000,"2","4096","4143",57865.930328225476842,0.000000000000000,1416.402880886332696,"41"
"4142","4143",208723.046800000010990,8494690.063999999314547,"16",934.742004400000042,1.000000000000000,"2","4143","4189",48262.942101375600032,0.000000000000000,1416.392781883244197,"42"
"4179","4180",210076.414500000013504,8484870.632999999448657,"0",944.148986799999989,9.941740012058313,"2","4133","4180",98774.498267651564674,0.000000000000000,1015.618039731032923,"43"
"4179","4180",210076.414500000013504,8484870.632999999448657,"0",944.148986799999989,9.941740012058313,"2","4180","4225",103324.055995309856371,0.000000000000000,1015.610812528731230,"44"
"4188","4189",209771.951700000005076,8493738.241000000387430,"0",1078.319946000000073,5.780163196609738,"2","4143","4189",48262.942101375600032,0.000000000000000,1416.392781883244197,"45"
"4188","4189",209771.951700000005076,8493738.241000000387430,"0",1078.319946000000073,5.780163196609738,"2","4189","4233",91777.625489720667247,0.000000000000000,1416.382608832239157,"46"
"4220","4221",211226.947400000004563,8480962.925000000745058,"0",612.950988799999891,7.289160306800457,"2","4267","4221",72100.945177151428652,0.000000000000000,1416.365106642876299,"47"
"4220","4221",211226.947400000004563,8480962.925000000745058,"0",612.950988799999891,7.289160306800457,"2","4221","4222",82890.093453202993260,0.000000000000000,985.893276860980109,"48"
"4221","4222",211193.068399999989197,8481948.235999999567866,"1",685.260986300000013,9.481019558740526,"2","4221","4222",82890.093453202993260,0.000000000000000,985.893276860980109,"49"
"4221","4222",211193.068399999989197,8481948.235999999567866,"1",685.260986300000013,9.481019558740526,"2","4222","4223",84502.619435560467537,0.000000000000000,985.889045573535896,"50"
"4222","4223",211159.196200000005774,8482933.542999999597669,"0",718.783996600000023,7.651498854076791,"2","4222","4223",84502.619435560467537,0.000000000000000,985.889045573535896,"51"
"4222","4223",211159.196200000005774,8482933.542999999597669,"0",718.783996600000023,7.651498854076791,"2","4223","4224",83613.373761919181561,0.000000000000000,985.885813741084803,"52"
"4223","4224",211125.330799999996088,8483918.847000000998378,"0",747.687011700000198,9.303297321162852,"2","4223","4224",83613.373761919181561,0.000000000000000,985.885813741084803,"53"
"4223","4224",211125.330799999996088,8483918.847000000998378,"0",747.687011700000198,9.303297321162852,"2","4224","4225",96449.283916271946509,0.000000000000000,985.881582540093063,"54"
"4224","4225",211091.472199999989243,8484904.146999999880791,"0",808.328979499999946,10.225892070181539,"2","4180","4225",103324.055995309856371,0.000000000000000,1015.610812528731230,"55"
"4224","4225",211091.472199999989243,8484904.146999999880791,"0",808.328979499999946,10.225892070181539,"2","4224","4225",96449.283916271946509,0.000000000000000,985.881582540093063,"56"
"4224","4225",211091.472199999989243,8484904.146999999880791,"0",808.328979499999946,10.225892070181539,"2","4225","4226",100976.804658532797475,0.000000000000000,985.878354231954859,"57"
"4225","4226",211057.620300000009593,8485889.444000000134110,"3",943.385986300000013,10.069195074905137,"2","4225","4226",100976.804658532797475,0.000000000000000,985.878354231954859,"58"
"4225","4226",211057.620300000009593,8485889.444000000134110,"3",943.385986300000013,10.069195074905137,"2","4226","4227",86070.914196246274514,0.000000000000000,985.874123122327205,"59"
"4226","4227",211023.775200000003679,8486874.736999999731779,"0",859.853027300000008,7.329295867753094,"2","4226","4227",86070.914196246274514,0.000000000000000,985.874123122327205,"60"
"4226","4227",211023.775200000003679,8486874.736999999731779,"0",859.853027300000008,7.329295867753094,"2","4227","4228",74504.427071187994443,0.000000000000000,985.869888627208979,"61"
"4227","4228",210989.937000000005355,8487860.026000000536442,"0",1041.420043999999962,7.535171480223646,"2","4227","4228",74504.427071187994443,0.000000000000000,985.869888627208979,"62"
"4227","4228",210989.937000000005355,8487860.026000000536442,"0",1041.420043999999962,7.535171480223646,"2","4229","4228",74800.924093720968813,0.000000000000000,985.867663292000657,"63"
"4228","4229",210956.105400000000373,8488845.312999999150634,"0",954.307006799999954,7.580570770043666,"2","4229","4230",83907.478297031295369,0.000000000000000,985.862429478416061,"64"
"4228","4229",210956.105400000000373,8488845.312999999150634,"0",954.307006799999954,7.580570770043666,"2","4229","4228",74800.924093720968813,0.000000000000000,985.867663292000657,"65"
"4229","4230",210922.280700000002980,8489830.595000000670552,"0",869.435974100000180,9.378848202215503,"2","4229","4230",83907.478297031295369,0.000000000000000,985.862429478416061,"66"
"4229","4230",210922.280700000002980,8489830.595000000670552,"0",869.435974100000180,9.378848202215503,"2","4230","4231",75663.140348156375694,0.000000000000000,985.860197370341325,"67"
"4230","4231",210888.462800000008428,8490815.875000000000000,"0",1000.869995000000017,5.836200653541262,"2","4279","4231",48403.165574203267170,0.000000000000000,1414.464595964329646,"68"
"4230","4231",210888.462800000008428,8490815.875000000000000,"0",1000.869995000000017,5.836200653541262,"2","4230","4231",75663.140348156375694,0.000000000000000,985.860197370341325,"69"
"4232","4233",210820.847399999998743,8492786.423000000417233,"0",986.588012700000036,7.152182601286968,"2","4279","4233",57829.320783649978694,0.000000000000000,1416.373853856074447,"70"
"4232","4233",210820.847399999998743,8492786.423000000417233,"0",986.588012700000036,7.152182601286968,"2","4189","4233",91777.625489720667247,0.000000000000000,1416.382608832239157,"71"
"4266","4267",212275.860300000000279,8480011.152000000700355,"0",567.466980000000035,2.886718251112416,"2","4267","4315",19736.810705827385391,0.000000000000000,1015.573859301171069,"72"
"4266","4267",212275.860300000000279,8480011.152000000700355,"0",567.466980000000035,2.886718251112416,"2","4267","4221",72100.945177151428652,0.000000000000000,1416.365106642876299,"73"
"4278","4279",211869.733999999996740,8491834.607999999076128,"0",1068.569946000000073,1.000000000000000,"2","4279","4328",14146.463164271484857,0.000000000000000,1414.453927752310619,"74"
"4278","4279",211869.733999999996740,8491834.607999999076128,"0",1068.569946000000073,1.000000000000000,"2","4279","4233",57829.320783649978694,0.000000000000000,1416.373853856074447,"75"
"4278","4279",211869.733999999996740,8491834.607999999076128,"0",1068.569946000000073,1.000000000000000,"2","4279","4231",48403.165574203267170,0.000000000000000,1414.464595964329646,"76"
"4314","4315",213290.880299999989802,8480044.687999999150634,"0",559.793029799999999,1.000000000000000,"2","4267","4315",19736.810705827385391,0.000000000000000,1015.573859301171069,"77"
"4314","4315",213290.880299999989802,8480044.687999999150634,"0",559.793029799999999,1.000000000000000,"2","4315","4368",10157.232638217343265,0.000000000000000,1015.566598974715475,"78"
"4327","4328",212851.013700000010431,8492853.317999999970198,"0",1045.239990000000034,1.000000000000000,"2","4279","4328",14146.463164271484857,0.000000000000000,1414.453927752310619,"79"
"4327","4328",212851.013700000010431,8492853.317999999970198,"0",1045.239990000000034,1.000000000000000,"2","4328","4382",36494.669130363712611,0.000000000000000,1414.442609056393849,"80"
"4367","4368",214305.893299999996088,8480078.216000000014901,"11",541.953979499999946,1.000000000000000,"2","4315","4368",10157.232638217343265,0.000000000000000,1015.566598974715475,"81"
"4367","4368",214305.893299999996088,8480078.216000000014901,"11",541.953979499999946,1.000000000000000,"2","4368","4429",20620.968205247099831,0.000000000000000,1015.559404722333170,"82"
"4381","4382",213832.301999999996042,8493872.004000000655651,"0",1042.140014999999948,4.160277447579286,"2","4328","4382",36494.669130363712611,0.000000000000000,1414.442609056393849,"83"
"4381","4382",213832.301999999996042,8493872.004000000655651,"0",1042.140014999999948,4.160277447579286,"2","4382","4383",35425.093357114412356,0.000000000000000,985.823832908108784,"84"
"4382","4383",213798.524499999999534,8494857.248999999836087,"0",1068.000000000000000,3.024152524557913,"2","4382","4383",35425.093357114412356,0.000000000000000,985.823832908108784,"85"
"4382","4383",213798.524499999999534,8494857.248999999836087,"0",1068.000000000000000,3.024152524557913,"2","4383","4384",45730.251089103345294,0.000000000000000,985.819609141841738,"86"
"4383","4384",213764.753599999996368,8495842.490000000223517,"0",912.872009299999945,6.140681963711860,"2","4383","4384",45730.251089103345294,0.000000000000000,985.819609141841738,"87"
"4383","4384",213764.753599999996368,8495842.490000000223517,"0",912.872009299999945,6.140681963711860,"2","4384","4446",50675.985595274134539,0.000000000000000,1414.431430073506135,"88"
"4410","4411",212697.264399999985471,8527377.587999999523163,"5",481.071014400000024,4.663527138014085,"9","4411","4412",27743.271590934091364,0.000000000000000,977.119831216160946,"89"
"4410","4411",212697.264399999985471,8527377.587999999523163,"5",481.071014400000024,4.663527138014085,"9","4411","4475",82941.430792783896322,0.000000000000000,1415.346174465286367,"90"
"4411","4412",212654.100700000009965,8528353.754000000655651,"5",409.779998799999987,1.000000000000000,"9","4411","4412",27743.271590934091364,0.000000000000000,977.119831216160946,"91"
"4411","4412",212654.100700000009965,8528353.754000000655651,"5",409.779998799999987,1.000000000000000,"9","4412","4413",9785.491846874194380,0.000000000000000,978.415442884040772,"92"
"4412","4413",212639.071100000001024,8529332.053999999538064,"0",393.601989699999990,1.000000000000000,"9","4412","4413",9785.491846874194380,0.000000000000000,978.415442884040772,"93"
"4412","4413",212639.071100000001024,8529332.053999999538064,"0",393.601989699999990,1.000000000000000,"9","4413","4479",34185.969708281714702,0.000000000000000,1406.637195891290276,"94"
"4428","4429",215320.899299999990035,8480111.737999999895692,"0",546.013000499999976,3.060974356544619,"2","4368","4429",20620.968205247099831,0.000000000000000,1015.559404722333170,"95"
"4428","4429",215320.899299999990035,8480111.737999999895692,"0",546.013000499999976,3.060974356544619,"2","4429","4495",40904.834544751065550,0.000000000000000,1414.415367201992922,"96"
"4445","4446",214746.072500000009313,8496861.131000000983477,"38",1031.050048999999944,1.000000000000000,"2","4384","4446",50675.985595274134539,0.000000000000000,1414.431430073506135,"97"
"4474","4475",213736.404700000013690,8526416.654999999329448,"8",434.957000699999980,7.050560067610808,"9","4411","4475",82941.430792783896322,0.000000000000000,1415.346174465286367,"98"
"4474","4475",213736.404700000013690,8526416.654999999329448,"8",434.957000699999980,7.050560067610808,"9","4475","4539",99771.147511778865010,0.000000000000000,1416.361795005411750,"99"
"4478","4479",213602.240699999994831,8530357.203999999910593,"0",413.921997100000056,3.860159162581532,"9","4413","4479",34185.969708281714702,0.000000000000000,1406.637195891290276,"100"
"4478","4479",213602.240699999994831,8530357.203999999910593,"0",413.921997100000056,3.860159162581532,"9","4479","4480",32381.709412021267781,0.000000000000000,936.930054468124354,"101"
"4479","4480",213638.761700000002747,8531293.422000000253320,"12",391.213012699999979,3.050111653454765,"9","4479","4480",32381.709412021267781,0.000000000000000,936.930054468124354,"102"
"4479","4480",213638.761700000002747,8531293.422000000253320,"12",391.213012699999979,3.050111653454765,"9","4480","6794",53086.360215751090436,0.000000000000000,1403.567325574577580,"103"
"4494","4495",216302.036200000002282,8481130.531999999657273,"0",562.859985399999800,2.722607216211998,"2","4561","4495",69155.973335282455082,0.000000000000000,1414.405113026829667,"104"
"4494","4495",216302.036200000002282,8481130.531999999657273,"0",562.859985399999800,2.722607216211998,"2","4429","4495",40904.834544751065550,0.000000000000000,1414.415367201992922,"105"
"4537","4538",214818.714399999997113,8524479.566999999806285,"2",476.765014600000143,9.062752453023196,"9","4539","4538",79347.799701486874255,0.000000000000000,985.710500117986271,"106"
"4538","4539",214785.153400000010151,8525464.706000000238419,"0",462.429992700000014,7.035160723872442,"9","4475","4539",99771.147511778865010,0.000000000000000,1416.361795005411750,"107"
"4538","4539",214785.153400000010151,8525464.706000000238419,"0",462.429992700000014,7.035160723872442,"9","4539","4538",79347.799701486874255,0.000000000000000,985.710500117986271,"108"
"4560","4561",217283.182200000010198,8482149.302999999374151,"0",585.710021999999981,7.054923974543103,"2","4561","4628",99933.299533729237737,0.000000000000000,1414.392698398553648,"109"
"4560","4561",217283.182200000010198,8482149.302999999374151,"0",585.710021999999981,7.054923974543103,"2","4561","4495",69155.973335282455082,0.000000000000000,1414.405113026829667,"110"
"4627","4628",218264.337300000013784,8483168.048000000417233,"0",665.221008299999994,7.053713382380312,"2","4561","4628",99933.299533729237737,0.000000000000000,1414.392698398553648,"111"
"4627","4628",218264.337300000013784,8483168.048000000417233,"0",665.221008299999994,7.053713382380312,"2","4628","4694",72981.826947058347287,0.000000000000000,1015.544128896041912,"112"
"4693","4694",219279.329599999997299,8483201.521999999880791,"0",694.408996600000023,7.313304240949831,"2","4628","4694",72981.826947058347287,0.000000000000000,1015.544128896041912,"113"
"4693","4694",219279.329599999997299,8483201.521999999880791,"0",694.408996600000023,7.313304240949831,"2","4694","4761",123397.035080498622847,0.000000000000000,1414.370696474017222,"114"
"4760","4761",220260.491399999998976,8484220.230000000447035,"0",930.414001500000040,9.897774072692997,"2","4694","4761",123397.035080498622847,0.000000000000000,1414.370696474017222,"115"
"4760","4761",220260.491399999998976,8484220.230000000447035,"0",930.414001500000040,9.897774072692997,"2","4761","4828",139857.086478170327609,0.000000000000000,1414.359653916060779,"116"
"4827","4828",221241.662199999991572,8485238.913999998942018,"0",1068.829956000000038,9.784930758029796,"2","4895","4828",120559.656754930765601,0.000000000000000,1414.348542365851472,"117"
"4827","4828",221241.662199999991572,8485238.913999998942018,"0",1068.829956000000038,9.784930758029796,"2","4761","4828",139857.086478170327609,0.000000000000000,1414.359653916060779,"118"
"4894","4895",222222.841899999999441,8486257.573999999091029,"0",1153.119995000000017,7.232957586511441,"2","4895","4962",102651.062329871580005,0.000000000000000,1414.338151413216792,"119"
"4894","4895",222222.841899999999441,8486257.573999999091029,"0",1153.119995000000017,7.232957586511441,"2","4895","4828",120559.656754930765601,0.000000000000000,1414.348542365851472,"120"
"4961","4962",223204.030499999993481,8487276.211000001057982,"0",1086.189941000000090,7.266589840650383,"2","4895","4962",102651.062329871580005,0.000000000000000,1414.338151413216792,"121"
"4961","4962",223204.030499999993481,8487276.211000001057982,"0",1086.189941000000090,7.266589840650383,"2","4962","5029",101596.220626736772829,0.000000000000000,1414.326251013686033,"122"
"5028","5029",224185.227899999998044,8488294.822999998927116,"0",1231.260009999999966,7.025155773267207,"2","4962","5029",101596.220626736772829,0.000000000000000,1414.326251013686033,"123"
"5028","5029",224185.227899999998044,8488294.822999998927116,"0",1231.260009999999966,7.025155773267207,"2","5029","5096",99409.045752913356409,0.000000000000000,1414.316372858529576,"124"
"5095","5096",225166.433900000003632,8489313.412999998778105,"0",1236.930053999999927,7.032271376856728,"2","5029","5096",99409.045752913356409,0.000000000000000,1414.316372858529576,"125"
"5095","5096",225166.433900000003632,8489313.412999998778105,"0",1236.930053999999927,7.032271376856728,"2","5096","5163",80250.746957473267685,0.000000000000000,1414.304473218813882,"126"
"5162","5163",226147.648699999990640,8490331.978000000119209,"0",1176.719970999999987,4.305898612920691,"2","5096","5163",80250.746957473267685,0.000000000000000,1414.304473218813882,"127"
"5162","5163",226147.648699999990640,8490331.978000000119209,"0",1176.719970999999987,4.305898612920691,"2","5163","5230",58665.998045482265297,0.000000000000000,1414.293875568454951,"128"
"5229","5230",227128.872100000007777,8491350.519999999552965,"0",1145.089966000000004,3.988181283946500,"2","5163","5230",58665.998045482265297,0.000000000000000,1414.293875568454951,"129"
"5229","5230",227128.872100000007777,8491350.519999999552965,"0",1145.089966000000004,3.988181283946500,"2","5230","5231",49991.943571688352677,0.000000000000000,985.743595037894579,"130"
"5230","5231",227095.132099999987986,8492335.686000000685453,"8",1141.770019999999931,6.154752495671143,"2","5230","5231",49991.943571688352677,0.000000000000000,985.743595037894579,"131"
"5230","5231",227095.132099999987986,8492335.686000000685453,"8",1141.770019999999931,6.154752495671143,"2","5231","5298",50609.992842168867355,0.000000000000000,1414.283569738425967,"132"
"5297","5298",228076.374899999995250,8493354.195000000298023,"0",1177.060058999999910,1.000000000000000,"2","5231","5298",50609.992842168867355,0.000000000000000,1414.283569738425967,"133"
"5297","5298",228076.374899999995250,8493354.195000000298023,"0",1177.060058999999910,1.000000000000000,"2","5298","5364",21676.201413204758865,0.000000000000000,1015.517133050010443,"134"
"5363","5364",229091.344600000011269,8493387.535000000149012,"0",1188.109985000000052,3.268744979811178,"2","5298","5364",21676.201413204758865,0.000000000000000,1015.517133050010443,"135"
"5363","5364",229091.344600000011269,8493387.535000000149012,"0",1188.109985000000052,3.268744979811178,"2","5364","5431",73036.430802337155910,0.000000000000000,1414.261225794936990,"136"
"5430","5431",230072.593599999992875,8494406.007000001147389,"0",1178.170043999999962,7.059562918972603,"2","5364","5431",73036.430802337155910,0.000000000000000,1414.261225794936990,"137"
"5430","5431",230072.593599999992875,8494406.007000001147389,"0",1178.170043999999962,7.059562918972603,"2","5431","5432",69500.876939508103533,0.000000000000000,985.713510380361868,"138"
"5431","5432",230038.885799999989104,8495391.143999999389052,"0",1168.390014999999948,7.041381335078492,"2","5499","5432",102888.986383788040257,0.000000000000000,1414.250713557268909,"139"
"5431","5432",230038.885799999989104,8495391.143999999389052,"0",1168.390014999999948,7.041381335078492,"2","5431","5432",69500.876939508103533,0.000000000000000,985.713510380361868,"140"
"5498","5499",231020.153900000004796,8496409.582999998703599,"0",1183.050048999999944,7.508154754344328,"2","5499","5432",102888.986383788040257,0.000000000000000,1414.250713557268909,"141"
"5664","5665",234739.888000000006286,8476806.666000001132488,"0",818.851989700000104,1.000000000000000,"3","5726","5665",33948.000000000000000,,1416.167472788341911,"142"
"5725","5726",235788.543999999994412,8475854.903999999165535,"6",805.161010700000134,3.794146244128883,"3","7068","5726",31730.000000000000000,,985.757979556243868,"143"
"5725","5726",235788.543999999994412,8475854.903999999165535,"6",805.161010700000134,3.794146244128883,"3","5726","5665",33948.000000000000000,,1416.167472788341911,"144"
"5840","5841",235020.559199999988778,8528097.405999999493361,"0",400.674011199999995,7.242853826603605,"9","5841","5842",70594.349273629937670,0.000000000000000,985.566507683633859,"145"
"5840","5841",235020.559199999988778,8528097.405999999493361,"0",400.674011199999995,7.242853826603605,"9","5841","5903",72685.997866447942215,0.000000000000000,1015.593231556370824,"146"
"5841","5842",234987.088599999988219,8529082.403999999165535,"0",343.407989499999985,7.058663312030214,"9","5841","5842",70594.349273629937670,0.000000000000000,985.566507683633859,"147"
"5841","5842",234987.088599999988219,8529082.403999999165535,"0",343.407989499999985,7.058663312030214,"9","5842","5843",69610.843991961693973,0.000000000000000,985.562296058560378,"148"
"5842","5843",234953.624299999995856,8530067.398000000044703,"4",362.809997599999974,7.064717711626992,"9","5842","5843",69610.843991961693973,0.000000000000000,985.562296058560378,"149"
"5842","5843",234953.624299999995856,8530067.398000000044703,"4",362.809997599999974,7.064717711626992,"9","5843","5844",69491.349876017178758,0.000000000000000,985.561086136226436,"150"
"5843","5844",234920.166200000006938,8531052.391000000759959,"16",346.227996800000028,7.035172633119628,"9","5843","5844",69491.349876017178758,0.000000000000000,985.561086136226436,"151"
"5843","5844",234920.166200000006938,8531052.391000000759959,"16",346.227996800000028,7.035172633119628,"9","5844","5845",79089.860549948731204,0.000000000000000,985.556877980529521,"152"
"5844","5845",234886.714299999992363,8532037.380000000819564,"0",334.683013899999992,9.013507346216789,"9","7043","5845",113685.259562711173203,0.000000000000000,1416.324417521264422,"153"
"5844","5845",234886.714299999992363,8532037.380000000819564,"0",334.683013899999992,9.013507346216789,"9","5844","5845",79089.860549948731204,0.000000000000000,985.556877980529521,"154"
"5902","5903",236035.614100000006147,8528130.469000000506639,"0",350.308990499999993,7.053575171119830,"9","5841","5903",72685.997866447942215,0.000000000000000,1015.593231556370824,"155"
"5902","5903",236035.614100000006147,8528130.469000000506639,"0",350.308990499999993,7.053575171119830,"9","5903","5967",71564.351456097618211,0.000000000000000,1015.586507136910768,"156"
"5966","5967",237050.662500000005821,8528163.525000000372529,"0",339.252014200000019,7.038796077444491,"9","5903","5967",71564.351456097618211,0.000000000000000,1015.586507136910768,"157"
"5966","5967",237050.662500000005821,8528163.525000000372529,"0",339.252014200000019,7.038796077444491,"9","5967","6032",71575.716003140230896,0.000000000000000,1015.579747901753763,"158"
"6031","6032",238065.704300000012154,8528196.575999999418855,"10",341.536987300000021,7.056706513774596,"9","5967","6032",71575.716003140230896,0.000000000000000,1015.579747901753763,"159"
"6031","6032",238065.704300000012154,8528196.575999999418855,"10",341.536987300000021,7.056706513774596,"9","6032","6099",71526.090895270346664,0.000000000000000,1015.573156044477969,"160"
"6094","6095",239214.627700000011828,8524289.708999998867512,"18",368.558013899999992,1.000000000000000,"9","6095","6096",24147.433110830326768,0.000000000000000,985.550876961188237,"161"
"6094","6095",239214.627700000011828,8524289.708999998867512,"18",368.558013899999992,1.000000000000000,"9","6095","6162",29199.501203716812597,0.000000000000000,1015.553217928080130,"162"
"6095","6096",239181.146500000002561,8525274.690999999642372,"11",346.502014200000019,3.899064877458235,"9","6095","6096",24147.433110830326768,0.000000000000000,985.550876961188237,"163"
"6095","6096",239181.146500000002561,8525274.690999999642372,"11",346.502014200000019,3.899064877458235,"9","6096","6097",41785.912948298413539,0.000000000000000,985.547671480973349,"164"
"6096","6097",239147.671399999991991,8526259.669999999925494,"16",343.484985400000028,4.580629887790026,"9","6096","6097",41785.912948298413539,0.000000000000000,985.547671480973349,"165"
"6096","6097",239147.671399999991991,8526259.669999999925494,"16",343.484985400000028,4.580629887790026,"9","6097","6098",46932.445394552472862,0.000000000000000,985.545462064597245,"166"
"6097","6098",239114.202500000013970,8527244.646999999880791,"15",340.631988499999977,4.943486564056872,"9","6097","6098",46932.445394552472862,0.000000000000000,985.545462064597245,"167"
"6097","6098",239114.202500000013970,8527244.646999999880791,"15",340.631988499999977,4.943486564056872,"9","6098","6099",58997.662872925808188,0.000000000000000,985.542256658122142,"168"
"6098","6099",239080.739700000005541,8528229.620999999344349,"0",340.502990699999941,7.029143116500944,"9","6032","6099",71526.090895270346664,0.000000000000000,1015.573156044477969,"169"
"6098","6099",239080.739700000005541,8528229.620999999344349,"0",340.502990699999941,7.029143116500944,"9","6098","6099",58997.662872925808188,0.000000000000000,985.542256658122142,"170"
"6098","6099",239080.739700000005541,8528229.620999999344349,"0",340.502990699999941,7.029143116500944,"9","6099","6100",69518.437781906119199,0.000000000000000,985.539051289970189,"171"
"6099","6100",239047.282999999995809,8529214.592000000178814,"4",344.540008499999999,7.078436783684944,"9","6099","6100",69518.437781906119199,0.000000000000000,985.539051289970189,"172"
"6099","6100",239047.282999999995809,8529214.592000000178814,"4",344.540008499999999,7.078436783684944,"9","6100","6101",69611.259551600422128,0.000000000000000,985.537841410248120,"173"
"6100","6101",239013.832499999989523,8530199.562000000849366,"0",342.652008100000103,7.048089645413692,"9","6100","6101",69611.259551600422128,0.000000000000000,985.537841410248120,"174"
"6100","6101",239013.832499999989523,8530199.562000000849366,"0",342.652008100000103,7.048089645413692,"9","6101","6169",99470.660903872660128,0.000000000000000,1414.152070986164063,"175"
"6161","6162",240229.642499999987194,8524322.774000000208616,"16",353.092010500000015,4.749795324276861,"9","6228","6162",56186.680336552497465,0.000000000000000,1416.144941099774542,"176"
"6161","6162",240229.642499999987194,8524322.774000000208616,"16",353.092010500000015,4.749795324276861,"9","6229","6162",45825.003892108092259,0.000000000000000,1015.546625985977244,"177"
"6161","6162",240229.642499999987194,8524322.774000000208616,"16",353.092010500000015,4.749795324276861,"9","6095","6162",29199.501203716812597,0.000000000000000,1015.553217928080130,"178"
"6168","6169",239995.427399999985937,8531217.549000000581145,"0",352.808013899999992,7.019435037262893,"9","6101","6169",99470.660903872660128,0.000000000000000,1414.152070986164063,"179"
"6227","6228",241278.130999999993946,8523370.860999999567866,"0",368.579009999999982,3.184889768589822,"9","6228","6294",53360.662017611051851,0.000000000000000,1416.136699489837838,"180"
"6227","6228",241278.130999999993946,8523370.860999999567866,"0",368.579009999999982,3.184889768589822,"9","6228","6162",56186.680336552497465,0.000000000000000,1416.144941099774542,"181"
"6228","6229",241244.650900000007823,8524355.832999998703599,"0",360.194000200000005,4.274681190437302,"9","6229","6296",57757.655850542148983,0.000000000000000,1015.539934129966923,"182"
"6228","6229",241244.650900000007823,8524355.832999998703599,"0",360.194000200000005,4.274681190437302,"9","6229","6162",45825.003892108092259,0.000000000000000,1015.546625985977244,"183"
"6275","6276",242930.332400000013877,8504689.038999998942018,"8",394.679992700000014,7.111038534402154,"9","6276","6277",69825.731356826101546,0.000000000000000,985.592604759567507,"184"
"6276","6277",242896.741000000009080,8505674.059000000357628,"0",427.144989000000010,7.050569583658542,"9","6276","6277",69825.731356826101546,0.000000000000000,985.592604759567507,"185"
"6276","6277",242896.741000000009080,8505674.059000000357628,"0",427.144989000000010,7.050569583658542,"9","6277","6278",69804.921433480631094,0.000000000000000,985.590398034885425,"186"
"6277","6278",242863.155700000002980,8506659.076999999582767,"0",409.966003399999977,7.112376863592202,"9","6277","6278",69804.921433480631094,0.000000000000000,985.590398034885425,"187"
"6277","6278",242863.155700000002980,8506659.076999999582767,"0",409.966003399999977,7.112376863592202,"9","6278","6279",69808.283689581701765,0.000000000000000,985.586192511589388,"188"
"6278","6279",242829.576499999995576,8507644.091000000014901,"0",392.300994899999978,7.051188755606432,"9","6278","6279",69808.283689581701765,0.000000000000000,985.586192511589388,"189"
"6278","6279",242829.576499999995576,8507644.091000000014901,"0",392.300994899999978,7.051188755606432,"9","6279","6280",69610.639675059646834,0.000000000000000,985.582989848709531,"190"
"6279","6280",242796.003300000011222,8508629.101999999955297,"0",442.910003700000004,7.056004344860001,"9","6279","6280",69610.639675059646834,0.000000000000000,985.582989848709531,"191"
"6279","6280",242796.003300000011222,8508629.101999999955297,"0",442.910003700000004,7.056004344860001,"9","6280","6347",71893.706329848588211,0.000000000000000,1015.476266151020241,"192"
"6283","6284",242661.770599999988917,8512569.117000000551343,"0",555.395019499999989,7.260963900810022,"9","6284","6351",72645.484793083800469,0.000000000000000,1015.491241980864970,"193"
"6291","6292",242393.595299999986310,8520449.007999999448657,"0",839.155029299999796,7.598507473421682,"9","6292","6293",60413.657608506371616,0.000000000000000,985.542340876016624,"194"
"6291","6292",242393.595299999986310,8520449.007999999448657,"0",839.155029299999796,7.598507473421682,"9","6292","6358",79015.303809580946108,0.000000000000000,1416.127232376861912,"195"
"6292","6293",242360.100600000005215,8521433.981000000610948,"0",601.327026399999795,4.319372752722178,"9","6292","6293",60413.657608506371616,0.000000000000000,985.542340876016624,"196"
"6292","6293",242360.100600000005215,8521433.981000000610948,"0",601.327026399999795,4.319372752722178,"9","6294","6293",42538.619977713686239,0.000000000000000,985.540134732693332,"197"
"6293","6294",242326.611999999993714,8522418.951999999582767,"2",540.064025899999820,4.296546426255030,"9","6228","6294",53360.662017611051851,0.000000000000000,1416.136699489837838,"198"
"6293","6294",242326.611999999993714,8522418.951999999582767,"2",540.064025899999820,4.296546426255030,"9","6294","6293",42538.619977713686239,0.000000000000000,985.540134732693332,"199"
"6295","6296",242259.652800000010757,8524388.885999999940395,"13",381.756011999999998,7.097523823863861,"9","6229","6296",57757.655850542148983,0.000000000000000,1015.539934129966923,"200"
"6295","6296",242259.652800000010757,8524388.885999999940395,"13",381.756011999999998,7.097523823863861,"9","6296","6363",73961.160619516653242,0.000000000000000,1015.533574689934426,"201"
"6346","6347",243810.938400000013644,8508662.250000000000000,"0",395.214996299999996,7.088006851276723,"9","6280","6347",71893.706329848588211,0.000000000000000,1015.476266151020241,"202"
"6346","6347",243810.938400000013644,8508662.250000000000000,"0",395.214996299999996,7.088006851276723,"9","6347","6412",71720.066008758265525,0.000000000000000,1015.469773668074026,"203"
"6350","6351",243676.721500000014203,8512602.240000000223517,"0",541.081970200000001,7.045071831173238,"9","6284","6351",72645.484793083800469,0.000000000000000,1015.491241980864970,"204"
"6350","6351",243676.721500000014203,8512602.240000000223517,"0",541.081970200000001,7.045071831173238,"9","6351","6416",41251.590041214258235,0.000000000000000,1015.484649696543443,"205"
"6357","6358",243442.073499999998603,8519497.109999999403954,"0",669.177001999999902,3.481314026421444,"9","6292","6358",79015.303809580946108,0.000000000000000,1416.127232376861912,"206"
"6357","6358",243442.073499999998603,8519497.109999999403954,"0",669.177001999999902,3.481314026421444,"9","6358","6422",46193.061159282377048,0.000000000000000,1416.118096460766992,"207"
"6362","6363",243274.648500000010245,8524421.934000000357628,"0",603.039978000000019,7.134496112105553,"9","6296","6363",73961.160619516653242,0.000000000000000,1015.533574689934426,"208"
"6362","6363",243274.648500000010245,8524421.934000000357628,"0",603.039978000000019,7.134496112105553,"9","6363","6428",74942.975125281227520,0.000000000000000,1015.526882894079563,"209"
"6411","6412",244825.867200000007870,8508695.392000000923872,"18",369.904998799999987,7.033102614982492,"9","6347","6412",71720.066008758265525,0.000000000000000,1015.469773668074026,"210"
"6411","6412",244825.867200000007870,8508695.392000000923872,"18",369.904998799999987,7.033102614982492,"9","6412","6471",72562.492808967595920,0.000000000000000,1015.463381164783300,"211"
"6415","6416",244691.666000000026543,8512635.357000000774860,"0",398.023010300000010,1.000000000000000,"9","6351","6416",41251.590041214258235,0.000000000000000,1015.484649696543443,"212"
"6415","6416",244691.666000000026543,8512635.357000000774860,"0",398.023010300000010,1.000000000000000,"9","6416","6474",14162.924036825637813,0.000000000000000,1416.106560394533062,"213"
"6421","6422",244490.543899999989662,8518545.217000000178814,"14",574.669006299999864,3.028105567367648,"9","6358","6422",46193.061159282377048,0.000000000000000,1416.118096460766992,"214"
"6421","6422",244490.543899999989662,8518545.217000000178814,"14",574.669006299999864,3.028105567367648,"9","6422","6480",44318.908779246456106,0.000000000000000,1416.110378957951298,"215"
"6427","6428",244289.637699999992037,8524454.975999999791384,"0",403.085998500000017,7.346890493545197,"9","6363","6428",74942.975125281227520,0.000000000000000,1015.526882894079563,"216"
"6427","6428",244289.637699999992037,8524454.975999999791384,"0",403.085998500000017,7.346890493545197,"9","6428","6487",51681.662372300233983,0.000000000000000,714.262683562009443,"217"
"6470","6471",245840.789799999998650,8508728.527999999001622,"0",400.467010500000015,7.251932706169073,"9","6412","6471",72562.492808967595920,0.000000000000000,1015.463381164783300,"218"
"6470","6471",245840.789799999998650,8508728.527999999001622,"0",400.467010500000015,7.251932706169073,"9","6471","6526",55084.089437913164147,0.000000000000000,1015.456856122778390,"219"
"6473","6474",245740.141700000007404,8511683.486999999731779,"0",375.079986599999984,1.000000000000000,"9","6416","6474",14162.924036825637813,0.000000000000000,1416.106560394533062,"220"
"6473","6474",245740.141700000007404,8511683.486999999731779,"0",375.079986599999984,1.000000000000000,"9","6474","6528",14161.519797652499619,0.000000000000000,1416.097874515213334,"221"
"6473","6474",245740.141700000007404,8511683.486999999731779,"0",375.079986599999984,1.000000000000000,"9","6474","6530",57923.111324961413629,0.000000000000000,1414.084320082618433,"222"
"6475","6476",245673.072799999994459,8513653.445000000298023,"0",577.796997099999999,5.181712734605341,"9","6476","6477",46217.263870157512429,0.000000000000000,985.545386968309685,"223"
"6475","6476",245673.072799999994459,8513653.445000000298023,"0",577.796997099999999,5.181712734605341,"9","6476","6530",87834.014020214890479,0.000000000000000,1416.098871978537318,"224"
"6476","6477",245639.547300000005635,8514638.419999999925494,"0",452.497985799999981,4.122416817069333,"9","6476","6477",46217.263870157512429,0.000000000000000,985.545386968309685,"225"
"6476","6477",245639.547300000005635,8514638.419999999925494,"0",452.497985799999981,4.122416817069333,"9","6477","6478",25256.572677282179939,0.000000000000000,985.542184620331909,"226"
"6477","6478",245606.027800000010757,8515623.392000000923872,"0",418.763000499999976,1.000000000000000,"9","6477","6478",25256.572677282179939,0.000000000000000,985.542184620331909,"227"
"6477","6478",245606.027800000010757,8515623.392000000923872,"0",418.763000499999976,1.000000000000000,"9","6478","6479",9866.397051536701838,0.000000000000000,985.538985704416064,"228"
"6478","6479",245572.514200000005076,8516608.360999999567866,"0",465.355011000000104,1.000000000000000,"9","6478","6479",9866.397051536701838,0.000000000000000,985.538985704416064,"229"
"6478","6479",245572.514200000005076,8516608.360999999567866,"0",465.355011000000104,1.000000000000000,"9","6479","6480",21051.148369274098513,0.000000000000000,985.535783426350349,"230"
"6478","6479",245572.514200000005076,8516608.360999999567866,"0",465.355011000000104,1.000000000000000,"9","6479","6534",39219.565245411708020,0.000000000000000,1015.486242239300054,"231"
"6479","6480",245539.006599999993341,8517593.326999999582767,"0",605.132995600000186,3.229691555101907,"9","6422","6480",44318.908779246456106,0.000000000000000,1416.110378957951298,"232"
"6479","6480",245539.006599999993341,8517593.326999999582767,"0",605.132995600000186,3.229691555101907,"9","6479","6480",21051.148369274098513,0.000000000000000,985.535783426350349,"233"
"6486","6487",245002.412299999996321,8524501.058000000193715,"21",353.089996299999996,7.089119931596582,"9","6428","6487",51681.662372300233983,0.000000000000000,714.262683562009443,"234"
"6521","6522",246989.970800000010058,8504821.692999999970198,"3",441.248992900000019,7.206653867634961,"9","6522","6523",63066.425261833755940,0.000000000000000,985.568063278594423,"235"
"6521","6522",246989.970800000010058,8504821.692999999970198,"3",441.248992900000019,7.206653867634961,"9","6522","6569",59399.243194190312352,0.000000000000000,1015.435188054857349,"236"
"6522","6523",246956.395699999993667,8505806.688999999314547,"11",398.859985400000028,5.579510201007278,"9","6522","6523",63066.425261833755940,0.000000000000000,985.568063278594423,"237"
"6522","6523",246956.395699999993667,8505806.688999999314547,"11",398.859985400000028,5.579510201007278,"9","6523","6524",47120.835222558875103,0.000000000000000,985.563861218488341,"238"
"6523","6524",246922.826600000000326,8506791.680999999865890,"3",376.460998500000017,3.980229631129229,"9","6523","6524",47120.835222558875103,0.000000000000000,985.563861218488341,"239"
"6523","6524",246922.826600000000326,8506791.680999999865890,"3",376.460998500000017,3.980229631129229,"9","6524","6525",24542.575759822284454,0.000000000000000,985.561661437111979,"240"
"6524","6525",246889.263399999996182,8507776.671000000089407,"0",385.173004199999980,1.000000000000000,"9","6524","6525",24542.575759822284454,0.000000000000000,985.561661437111979,"241"
"6524","6525",246889.263399999996182,8507776.671000000089407,"0",385.173004199999980,1.000000000000000,"9","6525","6526",22617.456202362882323,0.000000000000000,985.557462849547733,"242"
"6525","6526",246855.706100000010338,8508761.656999999657273,"2",359.014007600000014,3.588163412670398,"9","6471","6526",55084.089437913164147,0.000000000000000,1015.456856122778390,"243"
"6525","6526",246855.706100000010338,8508761.656999999657273,"2",359.014007600000014,3.588163412670398,"9","6525","6526",22617.456202362882323,0.000000000000000,985.557462849547733,"244"
"6525","6526",246855.706100000010338,8508761.656999999657273,"2",359.014007600000014,3.588163412670398,"9","6526","6527",33068.338447982030630,0.000000000000000,985.554263718040602,"245"
"6526","6527",246822.154700000013690,8509746.640000000596046,"18",359.903015100000005,3.122441210932148,"9","6526","6527",33068.338447982030630,0.000000000000000,985.554263718040602,"246"
"6526","6527",246822.154700000013690,8509746.640000000596046,"18",359.903015100000005,3.122441210932148,"9","6527","6528",20314.484016951140802,0.000000000000000,985.552060633883684,"247"
"6527","6528",246788.609300000010990,8510731.620999999344349,"16",362.700988800000005,1.000000000000000,"9","6474","6528",14161.519797652499619,0.000000000000000,1416.097874515213334,"248"
"6527","6528",246788.609300000010990,8510731.620999999344349,"16",362.700988800000005,1.000000000000000,"9","6527","6528",20314.484016951140802,0.000000000000000,985.552060633883684,"249"
"6529","6530",246721.536300000007031,8512701.572999998927116,"0",457.125000000000000,7.178559434108347,"9","6474","6530",57923.111324961413629,0.000000000000000,1414.084320082618433,"250"
"6529","6530",246721.536300000007031,8512701.572999998927116,"0",457.125000000000000,7.178559434108347,"9","6476","6530",87834.014020214890479,0.000000000000000,1416.098871978537318,"251"
"6529","6530",246721.536300000007031,8512701.572999998927116,"0",457.125000000000000,7.178559434108347,"9","6530","6576",83318.095020437860512,0.000000000000000,1416.091530476618800,"252"
"6533","6534",246587.461500000004889,8516641.440999999642372,"9",355.553008999999975,6.679530393568490,"9","6479","6534",39219.565245411708020,0.000000000000000,1015.486242239300054,"253"
"6568","6569",248004.864800000010291,8504854.841000000014901,"0",491.276001000000008,4.478441958270539,"9","6522","6569",59399.243194190312352,0.000000000000000,1015.435188054857349,"254"
"6568","6569",248004.864800000010291,8504854.841000000014901,"0",491.276001000000008,4.478441958270539,"9","6569","6604",40607.185235360062507,0.000000000000000,1015.428895457653880,"255"
"6575","6576",247769.991700000013225,8511749.702999999746680,"0",381.184997599999974,4.571888605832181,"9","6530","6576",83318.095020437860512,0.000000000000000,1416.091530476618800,"256"
"6575","6576",247769.991700000013225,8511749.702999999746680,"0",381.184997599999974,4.571888605832181,"9","6576","6611",40239.566795576625736,0.000000000000000,1015.455278142540237,"257"
"6603","6604",249019.752700000011828,8504887.982999999076128,"2",362.156005900000025,3.455707101866532,"9","6569","6604",40607.185235360062507,0.000000000000000,1015.428895457653880,"258"
"6603","6604",249019.752700000011828,8504887.982999999076128,"2",362.156005900000025,3.455707101866532,"9","6604","6632",44922.274264563988254,0.000000000000000,1015.422370367883673,"259"
"6610","6611",248784.907399999996414,8511782.802000001072884,"0",368.627014200000019,3.352929141496937,"9","6576","6611",40239.566795576625736,0.000000000000000,1015.455278142540237,"260"
"6610","6611",248784.907399999996414,8511782.802000001072884,"0",368.627014200000019,3.352929141496937,"9","6611","6639",22100.981880288982211,0.000000000000000,1015.448885882084824,"261"
"6631","6632",250034.634300000005169,8504921.117999998852611,"14",362.532989499999985,5.392290042891205,"9","6604","6632",44922.274264563988254,0.000000000000000,1015.422370367883673,"262"
"6631","6632",250034.634300000005169,8504921.117999998852611,"14",362.532989499999985,5.392290042891205,"9","6632","6656",46069.701587214556639,0.000000000000000,1015.416210415912701,"263"
"6638","6639",249799.816900000005262,8511815.894999999552965,"0",365.623992900000019,1.000000000000000,"9","6611","6639",22100.981880288982211,0.000000000000000,1015.448885882084824,"264"
"6638","6639",249799.816900000005262,8511815.894999999552965,"0",365.623992900000019,1.000000000000000,"9","6639","6664",29174.395912513904477,0.000000000000000,1414.042587911004148,"265"
"6655","6656",251049.509900000004563,8504954.247999999672174,"0",380.923004199999980,3.680274981154509,"9","6632","6656",46069.701587214556639,0.000000000000000,1015.416210415912701,"266"
"6655","6656",251049.509900000004563,8504954.247999999672174,"0",380.923004199999980,3.680274981154509,"9","6656","6657",31800.034926550273667,0.000000000000000,985.542526029117653,"267"
"6656","6657",251015.951000000000931,8505939.219000000506639,"5",375.721008299999994,2.772940605821718,"9","6656","6657",31800.034926550273667,0.000000000000000,985.542526029117653,"268"
"6656","6657",251015.951000000000931,8505939.219000000506639,"5",375.721008299999994,2.772940605821718,"9","6657","6658",48250.296289704434457,0.000000000000000,985.539326883344756,"269"
"6657","6658",250982.397999999986496,8506924.187000000849366,"5",361.816986100000008,7.017738244310398,"9","6657","6658",48250.296289704434457,0.000000000000000,985.539326883344756,"270"
"6657","6658",250982.397999999986496,8506924.187000000849366,"5",361.816986100000008,7.017738244310398,"9","6658","6659",69241.563375742844073,0.000000000000000,985.536131175588366,"271"
"6658","6659",250948.850799999985611,8507909.152000000700355,"0",385.902008100000103,7.029620045773195,"9","6658","6659",69241.563375742844073,0.000000000000000,985.536131175588366,"272"
"6658","6659",250948.850799999985611,8507909.152000000700355,"0",385.902008100000103,7.029620045773195,"9","6659","6660",69306.898261138339876,0.000000000000000,985.532935500735562,"273"
"6659","6660",250915.309399999998277,8508894.114000000059605,"0",385.040985100000000,7.035231429830045,"9","6659","6660",69306.898261138339876,0.000000000000000,985.532935500735562,"274"
"6663","6664",250781.202199999999721,8512833.932000000029802,"12",365.829009999999982,3.126381461957960,"9","6639","6664",29174.395912513904477,0.000000000000000,1414.042587911004148,"275"
"6663","6664",250781.202199999999721,8512833.932000000029802,"12",365.829009999999982,3.126381461957960,"9","6664","6665",50254.693496099353069,0.000000000000000,985.516950822801846,"276"
"6664","6665",250747.690000000002328,8513818.879000000655651,"0",378.707000699999980,7.071394119053219,"9","6664","6665",50254.693496099353069,0.000000000000000,985.516950822801846,"277"
"6664","6665",250747.690000000002328,8513818.879000000655651,"0",378.707000699999980,7.071394119053219,"9","6665","6666",69743.364706538064638,0.000000000000000,985.513751944784190,"278"
"6665","6666",250714.183699999994133,8514803.822999998927116,"4",384.535003700000004,7.082065451886562,"9","6665","6666",69743.364706538064638,0.000000000000000,985.513751944784190,"279"
"6665","6666",250714.183699999994133,8514803.822999998927116,"4",384.535003700000004,7.082065451886562,"9","6666","6667",65809.706581477003056,0.000000000000000,930.712650758762607,"280"
"6666","6667",250593.071999999985565,8515726.622000001370907,"8",358.317993199999989,7.054115627319187,"9","6666","6667",65809.706581477003056,0.000000000000000,930.712650758762607,"281"
"6767","6768",212589.577199999999721,8536258.083999998867512,"6",361.760986300000013,7.036113091765833,"9","6768","6769",72558.922566178516718,0.000000000000000,1031.723048349022747,"282"
"6767","6768",212589.577199999999721,8536258.083999998867512,"6",361.760986300000013,7.036113091765833,"9","6768","6781",51857.926406341517577,0.000000000000000,1290.473765029507149,"283"
"6768","6769",212403.935300000011921,8537272.968000000342727,"6",357.680999799999995,7.029358322814101,"9","6768","6769",72558.922566178516718,0.000000000000000,1031.723048349022747,"284"
"6768","6769",212403.935300000011921,8537272.968000000342727,"6",357.680999799999995,7.029358322814101,"9","6769","6770",65711.978497893505846,0.000000000000000,935.970207426837874,"285"
"6769","6770",212318.994700000010198,8538205.075999999418855,"0",359.015991199999974,7.012095376221550,"9","6769","6770",65711.978497893505846,0.000000000000000,935.970207426837874,"286"
"6769","6770",212318.994700000010198,8538205.075999999418855,"0",359.015991199999974,7.012095376221550,"9","6770","6771",69149.930131679037004,0.000000000000000,985.687529583094147,"287"
"6770","6771",212285.521399999997811,8539190.195000000298023,"3",351.093994100000089,7.018252951455596,"9","6770","6771",69149.930131679037004,0.000000000000000,985.687529583094147,"288"
"6770","6771",212285.521399999997811,8539190.195000000298023,"3",351.093994100000089,7.018252951455596,"9","6771","6772",66411.235292557030334,0.000000000000000,945.283977422931684,"289"
"6771","6772",212324.669200000003912,8540134.667999999597669,"10",347.608001699999988,7.032716978843599,"9","6771","6772",66411.235292557030334,0.000000000000000,945.283977422931684,"290"
"6778","6779",213652.594799999991665,8533385.883999999612570,"2",374.040008499999999,2.614861650149572,"9","6779","6780",27583.237573644564691,0.000000000000000,923.171100739596341,"291"
"6778","6779",213652.594799999991665,8533385.883999999612570,"2",374.040008499999999,2.614861650149572,"9","6779","6794",48575.525572854865459,0.000000000000000,1362.815896718431759,"292"
"6779","6780",213529.369100000010803,8534300.793999999761581,"22",368.319000200000005,3.360782064918712,"9","6779","6780",27583.237573644564691,0.000000000000000,923.171100739596341,"293"
"6779","6780",213529.369100000010803,8534300.793999999761581,"22",368.319000200000005,3.360782064918712,"9","6780","6781",21513.492318171003717,0.000000000000000,986.594685903443178,"294"
"6780","6781",213434.687800000014249,8535282.835000000894070,"7",381.329009999999982,1.000000000000000,"9","6768","6781",51857.926406341517577,0.000000000000000,1290.473765029507149,"295"
"6780","6781",213434.687800000014249,8535282.835000000894070,"7",381.329009999999982,1.000000000000000,"9","6780","6781",21513.492318171003717,0.000000000000000,986.594685903443178,"296"
"6780","6781",213434.687800000014249,8535282.835000000894070,"7",381.329009999999982,1.000000000000000,"9","6781","6797",21697.135860876216611,0.000000000000000,1015.765761125660219,"297"
"6793","6794",214550.414599999989150,8532360.609999999403954,"6",374.419006299999978,4.513837657134461,"9","4480","6794",53086.360215751090436,0.000000000000000,1403.567325574577580,"298"
"6793","6794",214550.414599999989150,8532360.609999999403954,"6",374.419006299999978,4.513837657134461,"9","6779","6794",48575.525572854865459,0.000000000000000,1362.815896718431759,"299"
"6796","6797",214449.913299999985611,8535315.960000000894070,"0",403.819000200000005,3.271027919248928,"9","6781","6797",21697.135860876216611,0.000000000000000,1015.765761125660219,"300"
"6796","6797",214449.913299999985611,8535315.960000000894070,"0",403.819000200000005,3.271027919248928,"9","6797","6816",30338.250843581627123,0.000000000000000,1015.758401912015415,"301"
"6815","6816",215465.131599999993341,8535349.080000000074506,"0",387.184997599999974,2.701688363830783,"9","6797","6816",30338.250843581627123,0.000000000000000,1015.758401912015415,"302"
"6815","6816",215465.131599999993341,8535349.080000000074506,"0",387.184997599999974,2.701688363830783,"9","6816","6836",26178.619033609131293,0.000000000000000,1414.409368754847947,"303"
"6835","6836",216446.862800000002608,8536367.292999999597669,"0",391.200988800000005,1.000000000000000,"9","6816","6836",26178.619033609131293,0.000000000000000,1414.409368754847947,"304"
"6835","6836",216446.862800000002608,8536367.292999999597669,"0",391.200988800000005,1.000000000000000,"9","6836","6854",14163.496810650094631,0.000000000000000,1416.341816314367634,"305"
"6853","6854",217495.547300000005635,8535415.302999999374151,"0",386.480987500000026,1.000000000000000,"9","6836","6854",14163.496810650094631,0.000000000000000,1416.341816314367634,"306"
"6853","6854",217495.547300000005635,8535415.302999999374151,"0",386.480987500000026,1.000000000000000,"9","6854","6873",35149.715127092327748,0.000000000000000,1015.736858904065457,"307"
"6872","6873",218510.744600000005448,8535448.405999999493361,"0",383.726013200000011,5.921002330438657,"9","6854","6873",35149.715127092327748,0.000000000000000,1015.736858904065457,"308"
"6872","6873",218510.744600000005448,8535448.405999999493361,"0",383.726013200000011,5.921002330438657,"9","6873","6892",91768.763938220901764,0.000000000000000,1414.375028668801406,"309"
"6891","6892",219492.464700000011362,8536466.582000000402331,"0",366.403015100000005,7.054605947139780,"9","6873","6892",91768.763938220901764,0.000000000000000,1414.375028668801406,"310"
"6891","6892",219492.464700000011362,8536466.582000000402331,"0",366.403015100000005,7.054605947139780,"9","6892","6910",99556.873681044467958,0.000000000000000,1414.363494942496118,"311"
"6909","6910",220474.190999999991618,8537484.735999999567866,"0",342.994995100000096,7.021441977562716,"9","6892","6910",99556.873681044467958,0.000000000000000,1414.363494942496118,"312"
"6909","6910",220474.190999999991618,8537484.735999999567866,"0",342.994995100000096,7.021441977562716,"9","6910","6928",99523.916880069649778,0.000000000000000,1414.352030905084803,"313"
"6927","6928",221455.923600000009174,8538502.867999998852611,"0",336.230010999999990,7.051826384148363,"9","6910","6928",99523.916880069649778,0.000000000000000,1414.352030905084803,"314"
"6927","6928",221455.923600000009174,8538502.867999998852611,"0",336.230010999999990,7.051826384148363,"9","6928","6946",100090.715803861821769,0.000000000000000,1414.341868016679882,"315"
"6945","6946",222437.662299999996321,8539520.980000000447035,"0",338.596984899999995,7.101834467135142,"9","6962","6946",71873.466985632534488,0.000000000000000,1015.713611854517694,"316"
"6945","6946",222437.662299999996321,8539520.980000000447035,"0",338.596984899999995,7.101834467135142,"9","6928","6946",100090.715803861821769,0.000000000000000,1414.341868016679882,"317"
"6961","6962",223452.838099999993574,8539554.028999999165535,"2",325.105010999999990,7.049226647392598,"9","6962","6971",71470.380597007300821,0.000000000000000,1015.706520298232931,"318"
"6961","6962",223452.838099999993574,8539554.028999999165535,"2",325.105010999999990,7.049226647392598,"9","6962","6946",71873.466985632534488,0.000000000000000,1015.713611854517694,"319"
"6970","6971",224468.007000000012340,8539587.072000000625849,"20",333.494995100000096,7.023330931589335,"9","6962","6971",71470.380597007300821,0.000000000000000,1015.706520298232931,"320"
"6970","6971",224468.007000000012340,8539587.072000000625849,"20",333.494995100000096,7.023330931589335,"9","6971","6979",71613.714846179398592,0.000000000000000,1015.699461301364977,"321"
"6978","6979",225483.168999999994412,8539620.109999999403954,"0",351.774993900000027,7.075745076213797,"9","6971","6979",71613.714846179398592,0.000000000000000,1015.699461301364977,"322"
"6978","6979",225483.168999999994412,8539620.109999999403954,"0",351.774993900000027,7.075745076213797,"9","6979","6989",71638.687423367839074,0.000000000000000,1015.692602221314246,"323"
"6985","6986",226598.626699999993434,8536698.065999999642372,"0",353.322997999999984,7.140896124103472,"9","6986","6987",69762.112069305541809,0.000000000000000,985.595472044216876,"324"
"6985","6986",226598.626699999993434,8536698.065999999642372,"0",353.322997999999984,7.140896124103472,"9","6986","6996",71946.977024770530988,0.000000000000000,1015.676466423598868,"325"
"6986","6987",226565.186099999991711,8537683.094000000506639,"0",354.467987100000016,7.015432100327463,"9","6986","6987",69762.112069305541809,0.000000000000000,985.595472044216876,"326"
"6986","6987",226565.186099999991711,8537683.094000000506639,"0",354.467987100000016,7.015432100327463,"9","6987","6988",69176.226932697274606,0.000000000000000,985.592253249219311,"327"
"6987","6988",226531.752000000007683,8538668.118999999016523,"0",354.766998300000012,7.022061299427993,"9","6987","6988",69176.226932697274606,0.000000000000000,985.592253249219311,"328"
"6987","6988",226531.752000000007683,8538668.118999999016523,"0",354.766998300000012,7.022061299427993,"9","6988","6989",69250.410521552825230,0.000000000000000,985.591036740747199,"329"
"6988","6989",226498.324300000007497,8539653.142999999225140,"0",356.300994899999978,7.030486676817354,"9","6979","6989",71638.687423367839074,0.000000000000000,1015.692602221314246,"330"
"6988","6989",226498.324300000007497,8539653.142999999225140,"0",356.300994899999978,7.030486676817354,"9","6988","6989",69250.410521552825230,0.000000000000000,985.591036740747199,"331"
"6995","6996",227613.765400000003865,8536731.112999999895692,"8",348.906005900000025,7.026272078444476,"9","6986","6996",71946.977024770530988,0.000000000000000,1015.676466423598868,"332"
"6995","6996",227613.765400000003865,8536731.112999999895692,"8",348.906005900000025,7.026272078444476,"9","6996","7005",99673.949616076133680,0.000000000000000,1416.248734744734065,"333"
"7004","7005",228662.337800000008428,8535779.138000000268221,"2",351.917999300000020,7.049465008930461,"9","6996","7005",99673.949616076133680,0.000000000000000,1416.248734744734065,"334"
"7004","7005",228662.337800000008428,8535779.138000000268221,"2",351.917999300000020,7.049465008930461,"9","7005","7013",113931.197796030668542,0.000000000000000,1416.240191132288373,"335"
"7012","7013",229710.903200000000652,8534827.167999999597669,"0",341.908996600000023,9.039381129718155,"9","7005","7013",113931.197796030668542,0.000000000000000,1416.240191132288373,"336"
"7012","7013",229710.903200000000652,8534827.167999999597669,"0",341.908996600000023,9.039381129718155,"9","7013","7023",81600.868340299974079,0.000000000000000,1015.649615540016157,"337"
"7022","7023",230726.015099999989616,8534860.212999999523163,"0",340.709014900000000,7.029312273510838,"9","7013","7023",81600.868340299974079,0.000000000000000,1015.649615540016157,"338"
"7022","7023",230726.015099999989616,8534860.212999999523163,"0",340.709014900000000,7.029312273510838,"9","7023","7033",71462.939021195576061,0.000000000000000,1015.642691359083642,"339"
"7032","7033",231741.120300000009593,8534893.251000000163913,"0",358.713012699999979,7.040933918140698,"9","7023","7033",71462.939021195576061,0.000000000000000,1015.642691359083642,"340"
"7032","7033",231741.120300000009593,8534893.251000000163913,"0",358.713012699999979,7.040933918140698,"9","7033","7039",99659.374659811262973,0.000000000000000,1416.214823295133556,"341"
"7038","7039",232789.658699999999953,8533941.288999998942018,"0",356.356994600000064,7.033094274977152,"9","7033","7039",99659.374659811262973,0.000000000000000,1416.214823295133556,"342"
"7038","7039",232789.658699999999953,8533941.288999998942018,"0",356.356994600000064,7.033094274977152,"9","7039","7043",99654.745854588400107,0.000000000000000,1416.085266289684569,"343"
"7042","7043",233836.168800000014016,8532987.289999999105930,"0",335.441986100000008,7.040052393812410,"9","7039","7043",99654.745854588400107,0.000000000000000,1416.085266289684569,"344"
"7042","7043",233836.168800000014016,8532987.289999999105930,"0",335.441986100000008,7.040052393812410,"9","7043","5845",113685.259562711173203,0.000000000000000,1416.324417521264422,"345"
"7067","7068",235822.353800000011688,8474869.725999999791384,"0",822.215026899999884,2.642712329832599,"3","7069","7068",17956.000000000000000,,985.760191048214438,"346"
"7067","7068",235822.353800000011688,8474869.725999999791384,"0",822.215026899999884,2.642712329832599,"3","7068","5726",31730.000000000000000,,985.757979556243868,"347"
"7068","7069",235856.169800000003306,8473884.546000000089407,"612",805.594970700000204,1.000000000000000,"3","7070","7069",14152.000000000000000,,1414.201844460547818,"348"
"7068","7069",235856.169800000003306,8473884.546000000089407,"612",805.594970700000204,1.000000000000000,"3","7069","7068",17956.000000000000000,,985.760191048214438,"349"
"7069","7070",234875.159000000014203,8472865.927000001072884,"387",861.307983399999898,1.000000000000000,"3","7070","7069",14152.000000000000000,,1414.201844460547818,"350"
